ID,Qyteti,Klienti,Gjinia,Kategoria e produktit,Sasia,Data,Koha,Menyra e pageses,Te ardhura bruto,Vleresimi
750-67-8428,Tirane,Anetar,Femer,Sport dhe udhetime,7,1/5/2021,13:08,Para ne dore,2600.1415 Lek,9.1
226-31-3081,Vlore,Normal,Femer,Ushqime te thata dhe pije,5,3/8/2021,10:29,Para ne dore,300.82 Lek,9.6
631-41-3108,Tirane,Normal,Mashkull,BIO-Organic,7,3/3/2021,13:23,Karte krediti,1600.2155 Lek,7.4
123-19-1176,Tirane,Anetar,Mashkull,Sport dhe udhetime,8,1/27/2021,20:33,Para ne dore,2300.288 Lek,8.4
373-73-7910,Tirane,Normal,Mashkull,Shendeti dhe bukuria,7,2/8/2021,10:37,Para ne dore,3000.2085 Lek,5.3
699-14-3026,Vlore,Normal,Mashkull,Ushqime te thata dhe pije,7,3/25/2021,18:30,Para ne dore,2988.65 Lek,4.1
355-53-5943,Tirane,Anetar,Femer,Ushqime te thata dhe pije,6,2/25/2021,14:36,Para ne dore,2065.2 Lek,5.8
315-22-5665,Vlore,Normal,Femer,BIO-Organic,10,2/24/2021,11:38,Para ne dore,3678 Lek,8
665-32-9167,Tirane,Anetar,Femer,Sport dhe udhetime,2,1/10/2021,17:15,Karte krediti,362.6 Lek,7.2
692-92-5582,Durres,Anetar,Femer,Shtepia dhe stili i jeteses,3,2/20/2021,13:27,Karte krediti,822.6 Lek,5.9
351-62-0822,Durres,Anetar,Femer,Tekstile,4,2/6/2021,18:07,Para ne dore,289.6 Lek,4.5
529-56-3974,Durres,Anetar,Mashkull,Ushqime te thata dhe pije,4,3/9/2021,17:03,Para ne dore,510.2 Lek,6.8
365-64-0515,Tirane,Normal,Femer,Ushqime te thata dhe pije,5,2/12/2021,10:25,Para ne dore,1173.75 Lek,7.1
252-56-2699,Tirane,Normal,Mashkull,Shtepia dhe stili i jeteses,10,2/7/2021,16:48,Para ne dore,2159.5 Lek,8.2
829-34-3910,Tirane,Normal,Femer,Sport dhe udhetime,10,3/29/2021,19:21,Para ne dore,3569 Lek,5.7
299-46-1805,Durres,Anetar,Femer,Shendeti dhe bukuria,6,1/15/2021,16:19,Para ne dore,2811.6 Lek,4.5
656-95-9349,Tirane,Anetar,Femer,Sport dhe udhetime,7,3/11/2021,11:03,Karte krediti,2412.55 Lek,4.6
765-26-6951,Tirane,Normal,Mashkull,Shendeti dhe bukuria,6,1/1/2021,10:39,Karte krediti,2178.3 Lek,6.9
329-62-1586,Tirane,Normal,Mashkull,Shtepia dhe stili i jeteses,3,1/21/2021,18:00,Karte krediti,820.05 Lek,8.6
319-50-3348,Durres,Normal,Femer,BIO-Organic,2,3/11/2021,15:30,Para ne dore,403 Lek,4.4
300-71-4605,Vlore,Anetar,Mashkull,Ushqime te thata dhe pije,5,2/25/2021,11:24,Para ne dore,2151 Lek,4.8
371-85-5789,Durres,Normal,Mashkull,Sport dhe udhetime,3,3/5/2021,10:40,Para ne dore,1319.7 Lek,5.1
273-16-6619,Durres,Normal,Mashkull,BIO-Organic,2,3/15/2021,12:20,Karte krediti,332 Lek,4.4
636-48-8204,Tirane,Normal,Mashkull,Ushqime te thata dhe pije,5,2/17/2021,11:15,Para ne dore,864 Lek,9.9
549-59-1358,Tirane,Anetar,Mashkull,Shendeti dhe bukuria,3,3/2/2021,17:36,Para ne dore,1329.45 Lek,6
227-03-5010,Tirane,Anetar,Femer,BIO-Organic,8,3/22/2021,19:20,Karte krediti,2103.6 Lek,8.5
649-29-6775,Durres,Normal,Mashkull,Tekstile,1,2/8/2021,15:31,Para ne dore,167.6 Lek,6.7
189-17-4241,Tirane,Normal,Femer,Tekstile,2,3/10/2021,12:17,Karte krediti,876.7 Lek,7.7
145-94-9061,Durres,Normal,Femer,Shtepia dhe stili i jeteses,5,1/25/2021,19:48,Para ne dore,2209 Lek,9.6
848-62-7243,Tirane,Normal,Mashkull,Sport dhe udhetime,9,3/15/2021,15:36,Para ne dore,1120.05 Lek,7.4
871-79-8483,Durres,Normal,Mashkull,Tekstile,5,2/25/2021,19:39,Karte krediti,2353.25 Lek,4.8
149-71-6266,Durres,Anetar,Mashkull,Shendeti dhe bukuria,9,1/28/2021,12:43,Para ne dore,3513.15 Lek,4.5
640-49-2076,Durres,Normal,Mashkull,Shendeti dhe bukuria,8,1/10/2021,14:49,Para ne dore,3351.2 Lek,5.1
595-11-5460,Tirane,Normal,Mashkull,Sport dhe udhetime,2,3/15/2021,10:12,Karte krediti,965.8 Lek,5.1
183-56-6882,Vlore,Anetar,Femer,Shtepia dhe stili i jeteses,4,2/6/2021,10:42,Para ne dore,1988.4 Lek,7.5
232-16-2483,Vlore,Anetar,Femer,Shendeti dhe bukuria,1,1/7/2021,12:28,Para ne dore,340.6 Lek,6.8
129-29-8530,Tirane,Anetar,Mashkull,Shendeti dhe bukuria,5,3/10/2021,19:15,Para ne dore,1565.5 Lek,7
272-65-1806,Tirane,Normal,Femer,Ushqime te thata dhe pije,9,1/15/2021,17:17,Para ne dore,2739.6 Lek,4.7
333-73-7901,Vlore,Normal,Femer,Sport dhe udhetime,8,3/23/2021,13:24,Para ne dore,2196.8 Lek,7.6
777-82-7220,Durres,Anetar,Mashkull,BIO-Organic,8,3/3/2021,13:01,Para ne dore,1204.8 Lek,7.7
280-35-5823,Durres,Anetar,Femer,BIO-Organic,1,1/17/2021,18:45,Para ne dore,433.6 Lek,7.9
554-53-8700,Vlore,Anetar,Mashkull,BIO-Organic,2,2/2/2021,10:11,Para ne dore,561.1 Lek,6.3
354-25-5821,Durres,Anetar,Femer,Shendeti dhe bukuria,6,2/8/2021,13:03,Para ne dore,2073.6 Lek,5.6
228-96-1411,Vlore,Anetar,Femer,Shtepia dhe stili i jeteses,8,3/4/2021,20:39,Para ne dore,3948 Lek,7.6
617-15-4209,Vlore,Anetar,Mashkull,Sport dhe udhetime,2,3/16/2021,19:47,Para ne dore,153.7 Lek,7.2
132-32-9879,Durres,Anetar,Femer,Ushqime te thata dhe pije,4,3/9/2021,18:00,Para ne dore,1877.92 Lek,9.5
370-41-7321,Durres,Anetar,Mashkull,Sport dhe udhetime,9,2/27/2021,17:24,Karte krediti,2551.05 Lek,8.4
727-46-3608,Durres,Anetar,Femer,Shtepia dhe stili i jeteses,9,2/6/2021,15:47,Para ne dore,900.45 Lek,4.1
669-54-1719,Durres,Anetar,Mashkull,Ushqime te thata dhe pije,6,2/10/2021,12:45,Karte krediti,567.9 Lek,8.1
574-22-5561,Vlore,Anetar,Femer,Tekstile,10,3/19/2021,17:08,Para ne dore,4131.5 Lek,7.9
326-78-5178,Vlore,Anetar,Mashkull,Shtepia dhe stili i jeteses,7,2/3/2021,10:19,Para ne dore,3199 Lek,9.5
162-48-8011,Tirane,Anetar,Femer,Shtepia dhe stili i jeteses,5,2/10/2021,15:10,Para ne dore,1114.75 Lek,8.5
616-24-2851,Durres,Anetar,Femer,Tekstile,4,3/22/2021,14:42,Para ne dore,357.4 Lek,6.5
778-71-5554,Vlore,Anetar,Mashkull,Tekstile,1,1/25/2021,15:46,Karte krediti,77.15 Lek,6.1
242-55-6721,Durres,Normal,Mashkull,BIO-Organic,2,3/7/2021,11:49,Para ne dore,161.6 Lek,6.5
399-46-5918,Vlore,Normal,Femer,Ushqime te thata dhe pije,8,2/28/2021,19:01,Para ne dore,3439.2 Lek,8.2
106-35-6779,Tirane,Anetar,Mashkull,BIO-Organic,2,3/27/2021,11:26,Para ne dore,443.4 Lek,5.8
635-40-6220,Tirane,Normal,Mashkull,Sport dhe udhetime,8,2/7/2021,11:28,Para ne dore,3584 Lek,6.6
817-48-8732,Tirane,Anetar,Femer,BIO-Organic,10,1/20/2021,15:55,Para ne dore,3617.5 Lek,5.4
120-06-4233,Vlore,Normal,Mashkull,Ushqime te thata dhe pije,6,3/12/2021,20:36,Para ne dore,918.3 Lek,9.3
285-68-5083,Vlore,Anetar,Femer,Shendeti dhe bukuria,3,2/15/2021,17:47,Karte krediti,371.1 Lek,10
803-83-5989,Vlore,Normal,Mashkull,BIO-Organic,6,2/24/2021,10:55,Para ne dore,1671.9 Lek,7
347-34-2234,Durres,Anetar,Femer,Shendeti dhe bukuria,9,2/3/2021,13:40,Para ne dore,2478.15 Lek,10
199-75-8169,Tirane,Anetar,Mashkull,Shendeti dhe bukuria,10,3/6/2021,12:27,Karte krediti,790.5 Lek,8.6
853-23-2453,Durres,Anetar,Mashkull,Sport dhe udhetime,4,2/14/2021,14:35,Para ne dore,1514.8 Lek,7.6
877-22-3308,Tirane,Anetar,Mashkull,Sport dhe udhetime,10,3/13/2021,16:40,Para ne dore,793.5 Lek,5.8
838-78-4295,Vlore,Normal,Femer,Sport dhe udhetime,2,2/10/2021,15:43,Para ne dore,334.7 Lek,6.7
109-28-2512,Durres,Anetar,Femer,Tekstile,6,1/7/2021,15:01,Para ne dore,2928.3 Lek,9.9
232-11-3025,Tirane,Normal,Mashkull,Shendeti dhe bukuria,10,1/24/2021,10:04,Para ne dore,3938.5 Lek,6.4
382-03-4532,Tirane,Anetar,Femer,Sport dhe udhetime,1,2/2/2021,18:50,Para ne dore,91.65 Lek,4.3
393-65-2792,Vlore,Normal,Mashkull,Shtepia dhe stili i jeteses,10,1/6/2021,12:46,Karte krediti,4474 Lek,9.6
796-12-2025,Vlore,Normal,Mashkull,Tekstile,10,2/11/2021,16:19,Para ne dore,3106 Lek,5.9
510-95-6347,Durres,Anetar,Femer,Shtepia dhe stili i jeteses,3,3/5/2021,18:17,Para ne dore,727.8 Lek,4
841-35-6630,Vlore,Normal,Femer,Ushqime te thata dhe pije,6,3/9/2021,18:21,Para ne dore,2277.3 Lek,8.7
287-21-9091,Tirane,Normal,Mashkull,BIO-Organic,9,1/22/2021,10:55,Para ne dore,3360.15 Lek,9.4
732-94-0499,Vlore,Normal,Femer,Ushqime te thata dhe pije,10,1/13/2021,17:04,Karte krediti,2082.5 Lek,5.4
263-10-3913,Vlore,Anetar,Mashkull,Tekstile,9,1/9/2021,14:20,Karte krediti,2206.8 Lek,8.6
381-20-0914,Tirane,Anetar,Femer,Tekstile,9,1/12/2021,15:48,Karte krediti,900.45 Lek,5.7
829-49-1914,Vlore,Anetar,Femer,Shtepia dhe stili i jeteses,10,3/5/2021,16:24,Para ne dore,3915.5 Lek,6.6
756-01-7507,Vlore,Normal,Femer,Sport dhe udhetime,5,1/22/2021,18:56,Para ne dore,509.5 Lek,6
870-72-4431,Vlore,Normal,Femer,Sport dhe udhetime,6,1/21/2021,14:42,Karte krediti,2977.5 Lek,5.5
847-38-7188,Durres,Normal,Femer,Shtepia dhe stili i jeteses,3,1/26/2021,19:56,Para ne dore,1450.2 Lek,6.4
480-63-2856,Vlore,Normal,Mashkull,Shtepia dhe stili i jeteses,8,1/23/2021,18:37,Para ne dore,770 Lek,6.6
787-56-0757,Vlore,Anetar,Femer,Shtepia dhe stili i jeteses,4,2/23/2021,18:45,Karte krediti,1607.2 Lek,8.3
360-39-5055,Vlore,Anetar,Mashkull,Shendeti dhe bukuria,5,3/9/2021,10:17,Para ne dore,1222.75 Lek,6.6
730-50-9884,Vlore,Normal,Femer,Shendeti dhe bukuria,7,3/5/2021,14:31,Para ne dore,2907.1 Lek,4
362-58-8315,Vlore,Normal,Mashkull,Tekstile,5,3/25/2021,10:23,Para ne dore,1913 Lek,9.9
633-44-8566,Tirane,Anetar,Mashkull,Shtepia dhe stili i jeteses,7,3/27/2021,20:35,Karte krediti,1728.3 Lek,7.3
504-35-8843,Tirane,Normal,Mashkull,Shendeti dhe bukuria,1,1/2/2021,16:57,Para ne dore,212.35 Lek,5.7
318-68-5053,Durres,Normal,Femer,Sport dhe udhetime,6,2/27/2021,17:55,Para ne dore,2309.7 Lek,6.1
565-80-5980,Vlore,Anetar,Femer,BIO-Organic,4,1/23/2021,10:25,Para ne dore,947.6 Lek,7.1
225-32-0908,Vlore,Normal,Femer,Shendeti dhe bukuria,10,1/26/2021,19:54,Para ne dore,2243 Lek,8.2
873-51-0671,Tirane,Anetar,Femer,Shendeti dhe bukuria,7,1/10/2021,16:42,Para ne dore,769.3 Lek,5.1
152-08-9985,Durres,Anetar,Mashkull,Sport dhe udhetime,9,3/12/2021,12:09,Karte krediti,2896.2 Lek,8.6
512-91-0811,Vlore,Normal,Mashkull,Sport dhe udhetime,1,2/6/2021,20:05,Karte krediti,448.75 Lek,6.6
594-34-4444,Tirane,Normal,Mashkull,Ushqime te thata dhe pije,1,3/8/2021,20:38,Para ne dore,485.8 Lek,7.2
766-85-7061,Durres,Normal,Mashkull,Sport dhe udhetime,10,3/29/2021,10:25,Para ne dore,4393.5 Lek,5.1
871-39-9221,Vlore,Normal,Femer,Ushqime te thata dhe pije,6,2/9/2021,13:11,Para ne dore,373.5 Lek,4.1
865-92-6136,Tirane,Normal,Mashkull,Shtepia dhe stili i jeteses,3,3/23/2021,10:16,Para ne dore,791.25 Lek,9.3
733-01-9107,Durres,Normal,Mashkull,BIO-Organic,2,3/5/2021,18:14,Para ne dore,2481 Lek,7.4
163-56-7055,Vlore,Anetar,Mashkull,Tekstile,1,3/26/2021,19:20,Para ne dore,243.55 Lek,4.1
189-98-2939,Vlore,Normal,Mashkull,Tekstile,9,3/1/2021,13:22,Para ne dore,3534.75 Lek,7.2
551-21-3069,Vlore,Normal,Femer,Ushqime te thata dhe pije,9,2/1/2021,11:27,Para ne dore,1038.15 Lek,5.5
212-62-1842,Tirane,Normal,Mashkull,Shtepia dhe stili i jeteses,6,3/28/2021,16:44,Para ne dore,1747.80 Lek,9.9
716-39-1409,Durres,Normal,Mashkull,Sport dhe udhetime,7,3/19/2021,18:19,Para ne dore,1062.25 Lek,8
704-48-3927,Tirane,Anetar,Mashkull,Ushqime te thata dhe pije,10,1/12/2021,14:50,Para ne dore,4433.50 Lek,7.3
628-34-3388,Vlore,Normal,Mashkull,Tekstile,6,1/5/2021,20:54,Karte krediti,821.40 Lek,7.9
630-74-5166,Tirane,Normal,Mashkull,Shendeti dhe bukuria,6,3/22/2021,20:19,Para ne dore,1863.90 Lek,7.4
588-01-7461,Vlore,Normal,Femer,Shtepia dhe stili i jeteses,9,3/24/2021,10:43,Para ne dore,1529.10 Lek,4.2
861-77-0145,Vlore,Anetar,Mashkull,Ushqime te thata dhe pije,10,3/3/2021,14:30,Para ne dore,4098.50 Lek,9.2
479-26-8945,Durres,Anetar,Femer,Shendeti dhe bukuria,2,2/5/2021,11:32,Para ne dore,164.90 Lek,4.6
210-67-5886,Vlore,Anetar,Femer,Sport dhe udhetime,3,2/5/2021,10:41,Karte krediti,1473.15 Lek,7.8
227-78-1148,Durres,Normal,Femer,Tekstile,7,2/15/2021,12:44,Para ne dore,2549.40 Lek,8.4
645-44-1170,Tirane,Anetar,Mashkull,BIO-Organic,9,1/19/2021,20:07,Para ne dore,2613.15 Lek,4.3
237-01-6122,Vlore,Anetar,Femer,BIO-Organic,9,2/1/2021,20:31,Karte krediti,3635.55 Lek,9.5
225-98-1496,Vlore,Normal,Femer,Tekstile,3,3/2/2021,13:01,Karte krediti,405.30 Lek,7.1
291-32-1427,Durres,Anetar,Mashkull,Tekstile,5,3/5/2021,12:29,Para ne dore,548.50 Lek,5.3
659-65-8956,Durres,Anetar,Mashkull,Tekstile,1,1/16/2021,15:26,Para ne dore,256.80 Lek,5.2
642-32-2990,Tirane,Normal,Femer,Shtepia dhe stili i jeteses,10,2/2/2021,20:48,Para ne dore,548.00 Lek,6
378-24-2715,Durres,Normal,Mashkull,BIO-Organic,2,1/20/2021,20:38,Para ne dore,534.40 Lek,4.1
638-60-7125,Tirane,Normal,Femer,Ushqime te thata dhe pije,8,2/14/2021,17:03,Karte krediti,3982.40 Lek,5.2
659-36-1684,Vlore,Anetar,Mashkull,Shendeti dhe bukuria,7,1/12/2021,12:02,Karte krediti,1999.20 Lek,6.5
219-22-9386,Durres,Anetar,Mashkull,Shendeti dhe bukuria,9,3/9/2021,17:26,Karte krediti,4498.20 Lek,4.2
336-78-2147,Vlore,Anetar,Mashkull,BIO-Organic,8,3/13/2021,19:52,Karte krediti,2556.40 Lek,4.6
268-27-6179,Durres,Anetar,Femer,Tekstile,8,3/9/2021,14:57,Para ne dore,2258.80 Lek,7.3
668-90-8900,Tirane,Normal,Femer,BIO-Organic,7,3/10/2021,18:44,Karte krediti,3279.15 Lek,4.5
870-54-3162,Tirane,Normal,Femer,Shendeti dhe bukuria,5,1/27/2021,13:26,Para ne dore,806.25 Lek,9
189-08-9157,Vlore,Normal,Femer,Tekstile,9,1/8/2021,16:17,Karte krediti,1427.85 Lek,5.9
663-86-9076,Vlore,Anetar,Femer,Shtepia dhe stili i jeteses,8,1/8/2021,15:57,Para ne dore,2741.60 Lek,8.5
549-84-7482,Durres,Normal,Femer,Shendeti dhe bukuria,9,2/8/2021,11:15,Para ne dore,4062.60 Lek,7.2
191-10-6171,Durres,Normal,Femer,Tekstile,7,1/25/2021,13:18,Para ne dore,1386.70 Lek,7.5
802-70-5316,Tirane,Anetar,Femer,Shendeti dhe bukuria,6,3/6/2021,20:34,Para ne dore,2763.90 Lek,8.3
695-51-0018,Durres,Normal,Femer,Shendeti dhe bukuria,4,2/10/2021,18:36,Para ne dore,696.80 Lek,7.4
590-83-4591,Durres,Anetar,Mashkull,Ushqime te thata dhe pije,6,2/17/2021,14:40,Karte krediti,2623.50 Lek,8.8
483-71-1164,Vlore,Normal,Femer,Sport dhe udhetime,6,3/8/2021,16:43,Para ne dore,2439.00 Lek,5.3
597-78-7908,Vlore,Normal,Mashkull,Tekstile,3,2/18/2021,19:39,Para ne dore,1353.30 Lek,6.2
700-81-1757,Tirane,Normal,Femer,Ushqime te thata dhe pije,5,1/18/2021,20:59,Karte krediti,657.75 Lek,8.8
354-39-5160,Tirane,Anetar,Femer,BIO-Organic,6,2/18/2021,15:39,Para ne dore,1032.60 Lek,9.8
241-72-9525,Durres,Normal,Mashkull,Shendeti dhe bukuria,10,2/16/2021,12:21,Para ne dore,2595.50 Lek,8.2
575-30-8091,Tirane,Normal,Mashkull,Shendeti dhe bukuria,8,3/16/2021,19:25,Para ne dore,2900.00 Lek,9.2
731-81-9469,Vlore,Anetar,Femer,Shendeti dhe bukuria,10,1/23/2021,13:00,Karte krediti,4490.00 Lek,5.4
280-17-4359,Vlore,Anetar,Mashkull,Sport dhe udhetime,10,1/25/2021,13:48,Para ne dore,4525.00 Lek,8.1
338-65-2210,Vlore,Anetar,Femer,Sport dhe udhetime,10,2/5/2021,19:57,Para ne dore,3430.00 Lek,9.1
488-25-4221,Vlore,Anetar,Femer,Shtepia dhe stili i jeteses,1,2/22/2021,10:36,Karte krediti,152.05 Lek,8.4
239-10-7476,Tirane,Normal,Femer,BIO-Organic,6,1/21/2021,16:37,Para ne dore,2338.50 Lek,8
458-41-1477,Vlore,Normal,Femer,Sport dhe udhetime,6,3/8/2021,17:11,Karte krediti,1387.80 Lek,9.5
685-64-1609,Tirane,Anetar,Femer,Tekstile,10,2/10/2021,12:28,Para ne dore,1507.00 Lek,9.2
568-90-5112,Vlore,Normal,Mashkull,Sport dhe udhetime,4,3/19/2021,12:46,Karte krediti,1322.80 Lek,5.6
262-47-2794,Durres,Anetar,Mashkull,BIO-Organic,8,3/6/2021,15:07,Karte krediti,2874.40 Lek,6.2
238-49-0436,Tirane,Normal,Mashkull,Sport dhe udhetime,8,3/27/2021,13:48,Karte krediti,1298.40 Lek,4.9
608-96-3517,Durres,Anetar,Femer,Tekstile,4,3/23/2021,19:20,Karte krediti,1830.80 Lek,4.8
584-86-7256,Vlore,Anetar,Mashkull,Shendeti dhe bukuria,7,3/11/2021,16:07,Karte krediti,1209.60 Lek,7.3
746-94-0204,Tirane,Normal,Mashkull,Tekstile,9,1/29/2021,11:56,Karte krediti,3745.80 Lek,7.4
214-17-6927,Vlore,Normal,Femer,Shtepia dhe stili i jeteses,6,2/7/2021,18:23,Para ne dore,494.40 Lek,9.9
400-89-4171,Vlore,Normal,Femer,Shendeti dhe bukuria,8,1/28/2021,13:05,Para ne dore,3238.80 Lek,9.3
782-95-9291,Tirane,Anetar,Mashkull,Shtepia dhe stili i jeteses,5,2/20/2021,15:55,Karte krediti,2307.25 Lek,9
279-74-2924,Durres,Anetar,Mashkull,Ushqime te thata dhe pije,1,1/4/2021,19:40,Para ne dore,360.85 Lek,6.1
307-85-2293,Durres,Normal,Mashkull,BIO-Organic,5,3/7/2021,13:58,Para ne dore,1257.00 Lek,9.7
743-04-1105,Durres,Anetar,Mashkull,Sport dhe udhetime,9,3/30/2021,14:43,Para ne dore,4374.90 Lek,6
423-57-2993,Durres,Normal,Mashkull,Shendeti dhe bukuria,6,3/27/2021,19:18,Para ne dore,2801.70 Lek,10
894-41-5205,Vlore,Normal,Femer,Shtepia dhe stili i jeteses,8,1/19/2021,19:39,Karte krediti,1727.20 Lek,8.3
275-28-0149,Tirane,Normal,Mashkull,Shendeti dhe bukuria,1,2/25/2021,16:21,Para ne dore,318.45 Lek,6
101-17-6199,Tirane,Normal,Mashkull,Shtepia dhe stili i jeteses,7,3/13/2021,19:44,Karte krediti,1602.65 Lek,7
423-80-0988,Vlore,Normal,Mashkull,Shendeti dhe bukuria,2,1/30/2021,19:42,Para ne dore,764.00 Lek,6.5
548-46-9322,Durres,Normal,Mashkull,Shtepia dhe stili i jeteses,10,2/20/2021,15:24,Karte krediti,1995.00 Lek,5.9
505-02-0892,Durres,Anetar,Mashkull,Sport dhe udhetime,8,2/25/2021,14:12,Para ne dore,1702.80 Lek,5.6
234-65-2137,Vlore,Normal,Mashkull,BIO-Organic,10,1/16/2021,13:32,Para ne dore,4779.00 Lek,4.8
687-47-8271,Tirane,Normal,Mashkull,Tekstile,10,2/8/2021,16:20,Karte krediti,4949.00 Lek,8.7
796-32-9050,Tirane,Normal,Mashkull,Shtepia dhe stili i jeteses,6,1/19/2021,16:31,Para ne dore,1538.40 Lek,6.5
105-31-1824,Tirane,Anetar,Mashkull,Shendeti dhe bukuria,7,2/1/2021,15:10,Karte krediti,2433.20 Lek,8.5
249-42-3782,Tirane,Normal,Mashkull,Sport dhe udhetime,5,1/3/2021,11:36,Para ne dore,1750.25 Lek,5.5
316-55-4634,Durres,Anetar,Mashkull,Shtepia dhe stili i jeteses,5,1/26/2021,12:45,Karte krediti,2001.25 Lek,9.4
733-33-4967,Vlore,Normal,Mashkull,Ushqime te thata dhe pije,8,3/3/2021,19:17,Para ne dore,834.00 Lek,6.3
608-27-6295,Durres,Anetar,Mashkull,Ushqime te thata dhe pije,6,1/19/2021,17:34,Karte krediti,1586.70 Lek,9.8
414-12-7047,Durres,Normal,Mashkull,Shtepia dhe stili i jeteses,8,1/18/2021,12:04,Para ne dore,791.60 Lek,8.7
827-26-2100,Tirane,Anetar,Mashkull,BIO-Organic,9,3/21/2021,16:21,Para ne dore,1522.80 Lek,8.8
175-54-2529,Tirane,Anetar,Mashkull,Shtepia dhe stili i jeteses,8,3/3/2021,17:01,Karte krediti,886.80 Lek,9.6
139-52-2867,Vlore,Normal,Femer,Tekstile,7,2/13/2021,10:50,Karte krediti,787.85 Lek,4.8
407-63-8975,Tirane,Normal,Mashkull,Shtepia dhe stili i jeteses,6,3/23/2021,19:16,Para ne dore,2216.40 Lek,4.4
342-65-4817,Vlore,Anetar,Mashkull,Sport dhe udhetime,3,1/28/2021,16:47,Para ne dore,1302.00 Lek,9.9
130-98-8941,Vlore,Normal,Mashkull,Tekstile,7,2/9/2021,10:00,Para ne dore,2249.10 Lek,5.7
434-83-9547,Vlore,Anetar,Mashkull,Shtepia dhe stili i jeteses,8,1/23/2021,11:51,Para ne dore,1538.80 Lek,7.7
851-28-6367,Tirane,Anetar,Mashkull,Shendeti dhe bukuria,10,3/23/2021,10:55,Para ne dore,775.00 Lek,8
824-88-3614,Vlore,Normal,Mashkull,Sport dhe udhetime,8,1/25/2021,15:00,Para ne dore,1372.40 Lek,5.7
586-25-0848,Tirane,Normal,Femer,Shendeti dhe bukuria,7,3/4/2021,11:19,Karte krediti,431.90 Lek,6.7
895-66-0685,Durres,Anetar,Mashkull,Shtepia dhe stili i jeteses,3,3/5/2021,19:46,Para ne dore,271.20 Lek,8
305-14-0245,Durres,Anetar,Femer,BIO-Organic,8,3/3/2021,19:00,Para ne dore,3779.60 Lek,7.5
732-04-5373,Durres,Anetar,Mashkull,BIO-Organic,4,2/8/2021,10:53,Para ne dore,929.40 Lek,7
400-60-7251,Tirane,Normal,Mashkull,BIO-Organic,1,2/10/2021,12:50,Para ne dore,370.35 Lek,9.9
593-65-1552,Vlore,Normal,Femer,BIO-Organic,4,1/28/2021,20:50,Karte krediti,1396.20 Lek,5.9
284-34-9626,Durres,Normal,Femer,BIO-Organic,3,2/11/2021,10:39,Karte krediti,1155.60 Lek,7.2
437-58-8131,Durres,Normal,Femer,Tekstile,2,1/15/2021,13:41,Para ne dore,735.20 Lek,4.6
286-43-6208,Vlore,Normal,Femer,Shtepia dhe stili i jeteses,9,3/16/2021,19:08,Para ne dore,3951.00 Lek,9.2
641-43-2399,Durres,Normal,Mashkull,BIO-Organic,4,1/26/2021,20:23,Para ne dore,511.00 Lek,5.7
831-07-6050,Tirane,Normal,Mashkull,Ushqime te thata dhe pije,5,3/19/2021,11:30,Karte krediti,817.75 Lek,9.9
556-86-3144,Vlore,Anetar,Femer,Tekstile,1,1/13/2021,19:30,Para ne dore,371.45 Lek,5
848-24-9445,Vlore,Anetar,Mashkull,Sport dhe udhetime,2,3/26/2021,18:03,Para ne dore,437.00 Lek,4.9
856-22-8149,Tirane,Normal,Femer,BIO-Organic,1,3/23/2021,10:13,Para ne dore,126.45 Lek,6.1
699-01-4164,Vlore,Normal,Mashkull,Sport dhe udhetime,4,3/12/2021,19:58,Karte krediti,830.00 Lek,8.2
420-11-4919,Vlore,Anetar,Femer,Shtepia dhe stili i jeteses,5,2/17/2021,19:57,Karte krediti,1784.75 Lek,5.5
606-80-4905,Vlore,Anetar,Femer,Shendeti dhe bukuria,6,1/29/2021,10:01,Karte krediti,574.50 Lek,6.8
542-41-0513,Durres,Anetar,Femer,Ushqime te thata dhe pije,4,3/15/2021,11:57,Para ne dore,1149.80 Lek,6.6
426-39-2418,Vlore,Normal,Mashkull,Ushqime te thata dhe pije,7,1/14/2021,10:02,Para ne dore,2149.35 Lek,9.8
875-46-5808,Durres,Anetar,Mashkull,Sport dhe udhetime,10,2/6/2021,14:51,Para ne dore,1295.00 Lek,8.7
394-43-4238,Durres,Anetar,Mashkull,BIO-Organic,5,2/15/2021,12:42,Karte krediti,444.25 Lek,5.4
749-24-1565,Tirane,Normal,Femer,Sport dhe udhetime,9,1/3/2021,12:02,Para ne dore,1036.35 Lek,7.9
672-51-8681,Vlore,Anetar,Femer,Ushqime te thata dhe pije,9,1/4/2021,18:19,Karte krediti,2999.25 Lek,9.7
263-87-5680,Vlore,Anetar,Femer,BIO-Organic,10,3/18/2021,17:38,Para ne dore,1426.50 Lek,7.8
573-58-9734,Durres,Normal,Femer,Tekstile,3,3/28/2021,13:41,Para ne dore,455.55 Lek,5.1
817-69-8206,Durres,Normal,Femer,Ushqime te thata dhe pije,9,3/2/2021,19:42,Karte krediti,4487.85 Lek,6.5
888-02-0338,Tirane,Normal,Mashkull,Ushqime te thata dhe pije,9,1/25/2021,20:24,Para ne dore,1180.35 Lek,5.9
677-11-0152,Vlore,Normal,Femer,Shtepia dhe stili i jeteses,9,1/16/2021,18:08,Para ne dore,4196.70 Lek,8.8
142-63-6033,Durres,Normal,Mashkull,BIO-Organic,5,3/20/2021,19:17,Para ne dore,2309.00 Lek,4.9
656-16-1063,Durres,Normal,Mashkull,Shendeti dhe bukuria,3,1/4/2021,13:24,Karte krediti,696.30 Lek,4.4
891-58-8335,Durres,Anetar,Femer,Shendeti dhe bukuria,7,3/11/2021,15:53,Para ne dore,1036.35 Lek,6.5
802-43-8934,Tirane,Normal,Mashkull,BIO-Organic,1,3/22/2021,15:05,Karte krediti,91.40 Lek,8.3
560-30-5617,Durres,Normal,Femer,Shendeti dhe bukuria,5,3/24/2021,18:27,Para ne dore,619.25 Lek,8.5
319-74-2561,Tirane,Anetar,Femer,Ushqime te thata dhe pije,3,2/21/2021,16:55,Para ne dore,1419.60 Lek,5.5
549-03-9315,Durres,Normal,Mashkull,Tekstile,8,2/12/2021,12:58,Para ne dore,3794.80 Lek,8.7
790-29-1172,Durres,Normal,Femer,Shtepia dhe stili i jeteses,3,3/10/2021,18:59,Karte krediti,860.10 Lek,7.9
239-36-3640,Durres,Normal,Mashkull,Ushqime te thata dhe pije,6,1/31/2021,13:44,Para ne dore,1360.50 Lek,6.1
468-01-2051,Durres,Normal,Mashkull,Shtepia dhe stili i jeteses,7,3/6/2021,13:46,Para ne dore,2172.80 Lek,5.4
389-25-3394,Vlore,Normal,Mashkull,Ushqime te thata dhe pije,5,2/17/2021,18:06,Para ne dore,295.25 Lek,9.4
279-62-1445,Vlore,Anetar,Femer,Tekstile,1,2/21/2021,12:38,Para ne dore,62.70 Lek,8.2
213-72-6612,Tirane,Normal,Mashkull,Shtepia dhe stili i jeteses,2,3/20/2021,15:56,Para ne dore,432.50 Lek,6.2
746-68-6593,Vlore,Anetar,Femer,Shendeti dhe bukuria,2,1/11/2021,14:29,Karte krediti,871.60 Lek,9.7
836-82-5858,Durres,Anetar,Mashkull,Sport dhe udhetime,9,1/26/2021,19:14,Para ne dore,3121.65 Lek,4
583-72-1480,Vlore,Anetar,Mashkull,Ushqime te thata dhe pije,4,1/31/2021,16:24,Para ne dore,741.20 Lek,9.7
466-61-5506,Durres,Anetar,Femer,Ushqime te thata dhe pije,6,2/26/2021,10:52,Para ne dore,2721.00 Lek,5.3
721-86-6247,Tirane,Normal,Femer,BIO-Organic,8,3/11/2021,12:55,Para ne dore,2536.80 Lek,7.4
289-65-5721,Durres,Normal,Femer,Tekstile,2,1/26/2021,19:28,Para ne dore,813.70 Lek,6.5
545-46-3100,Durres,Anetar,Femer,Ushqime te thata dhe pije,3,3/12/2021,13:52,Karte krediti,158.85 Lek,8.7
418-02-5978,Durres,Normal,Femer,Sport dhe udhetime,9,2/11/2021,10:54,Para ne dore,3784.05 Lek,8
269-04-5750,Durres,Anetar,Mashkull,Tekstile,4,2/21/2021,18:31,Para ne dore,1476.40 Lek,6.7
157-13-5295,Tirane,Anetar,Mashkull,Sport dhe udhetime,10,3/9/2021,18:24,Para ne dore,2597.00 Lek,6.5
645-78-8093,Tirane,Normal,Femer,Shendeti dhe bukuria,2,1/20/2021,18:09,Para ne dore,931.40 Lek,4.1
211-30-9270,Vlore,Normal,Mashkull,Sport dhe udhetime,5,1/28/2021,15:16,Karte krediti,435.25 Lek,4.9
755-12-3214,Vlore,Anetar,Femer,Tekstile,5,3/5/2021,17:07,Karte krediti,1105.50 Lek,8.6
346-84-3103,Durres,Anetar,Femer,Ushqime te thata dhe pije,5,3/2/2021,19:26,Para ne dore,330.50 Lek,4.3
478-06-7835,Tirane,Normal,Mashkull,Tekstile,1,1/11/2021,11:20,Para ne dore,448.45 Lek,4.9
540-11-4336,Tirane,Normal,Mashkull,Shtepia dhe stili i jeteses,9,1/11/2021,16:49,Karte krediti,1122.30 Lek,5.6
448-81-5016,Tirane,Normal,Mashkull,Sport dhe udhetime,2,3/11/2021,12:01,Karte krediti,597.70 Lek,5.8
142-72-4741,Vlore,Anetar,Mashkull,Tekstile,2,2/28/2021,18:37,Karte krediti,932.00 Lek,6
217-58-1179,Tirane,Anetar,Mashkull,BIO-Organic,4,1/5/2021,11:25,Para ne dore,1253.00 Lek,4.2
376-02-8238,Durres,Normal,Mashkull,BIO-Organic,8,2/2/2021,18:42,Karte krediti,3754.80 Lek,8.3
530-90-9855,Tirane,Anetar,Mashkull,BIO-Organic,8,1/1/2021,14:47,Para ne dore,1903.60 Lek,5.7
866-05-7563,Durres,Anetar,Femer,Ushqime te thata dhe pije,3,2/9/2021,19:43,Para ne dore,1221.00 Lek,4.8
604-70-6476,Tirane,Anetar,Mashkull,Tekstile,5,1/23/2021,14:04,Para ne dore,448.50 Lek,6.8
799-71-1548,Tirane,Anetar,Mashkull,Ushqime te thata dhe pije,4,1/7/2021,16:11,Karte krediti,1554.40 Lek,8.8
785-13-7708,Durres,Normal,Mashkull,Shtepia dhe stili i jeteses,7,1/14/2021,19:06,Karte krediti,2557.10 Lek,4.2
845-51-0542,Durres,Anetar,Mashkull,Shtepia dhe stili i jeteses,9,2/2/2021,15:34,Para ne dore,2094.75 Lek,6.4
662-47-5456,Vlore,Anetar,Mashkull,Tekstile,10,3/17/2021,19:06,Karte krediti,1759.50 Lek,8.4
883-17-4236,Vlore,Normal,Femer,Shendeti dhe bukuria,2,3/2/2021,19:44,Karte krediti,143.90 Lek,7.2
290-68-2984,Tirane,Normal,Mashkull,BIO-Organic,4,3/16/2021,11:22,Para ne dore,475.00 Lek,5.2
704-11-6354,Tirane,Anetar,Mashkull,BIO-Organic,8,1/6/2021,11:23,Para ne dore,2356.00 Lek,8.9
110-48-7033,Durres,Anetar,Mashkull,Tekstile,4,1/29/2021,14:12,Para ne dore,652.40 Lek,9
366-93-0948,Tirane,Anetar,Mashkull,Ushqime te thata dhe pije,1,1/31/2021,10:46,Karte krediti,331.75 Lek,9.7
729-09-9681,Tirane,Anetar,Mashkull,BIO-Organic,6,2/5/2021,10:16,Para ne dore,777.30 Lek,8.7
151-16-1484,Tirane,Anetar,Mashkull,Ushqime te thata dhe pije,4,2/13/2021,12:38,Para ne dore,645.00 Lek,6.5
380-94-4661,Vlore,Anetar,Mashkull,Ushqime te thata dhe pije,4,2/7/2021,13:05,Karte krediti,1318.80 Lek,6.9
850-41-9669,Tirane,Normal,Femer,Ushqime te thata dhe pije,9,3/19/2021,13:25,Para ne dore,3377.70 Lek,6.2
821-07-3596,Vlore,Normal,Femer,Tekstile,4,3/7/2021,14:53,Para ne dore,329.00 Lek,5.6
655-85-5130,Durres,Anetar,Femer,Tekstile,4,3/13/2021,19:22,Para ne dore,766.00 Lek,5.7
447-15-7839,Tirane,Anetar,Femer,Shendeti dhe bukuria,10,2/9/2021,11:00,Para ne dore,1112.00 Lek,4.2
154-74-7179,Durres,Normal,Mashkull,Shendeti dhe bukuria,1,2/26/2021,19:24,Para ne dore,272.25 Lek,7.9
253-12-6086,Tirane,Anetar,Femer,Shendeti dhe bukuria,7,3/12/2021,12:43,Karte krediti,3444.00 Lek,8.7
808-65-0703,Vlore,Normal,Mashkull,BIO-Organic,4,3/14/2021,17:22,Karte krediti,709.40 Lek,6.9
571-94-0759,Durres,Anetar,Femer,Shtepia dhe stili i jeteses,10,1/8/2021,20:55,Para ne dore,3730.00 Lek,9.5
144-51-6085,Tirane,Anetar,Mashkull,BIO-Organic,4,1/5/2021,16:05,Karte krediti,1414.80 Lek,4.4
731-14-2199,Tirane,Anetar,Femer,BIO-Organic,10,1/4/2021,13:34,Para ne dore,1777.00 Lek,7
783-09-1637,Durres,Normal,Femer,Shendeti dhe bukuria,5,3/6/2021,18:13,Para ne dore,1685.75 Lek,6.3
687-15-1097,Vlore,Anetar,Femer,Sport dhe udhetime,2,1/3/2021,19:17,Para ne dore,211.20 Lek,9.7
126-54-1082,Tirane,Anetar,Femer,BIO-Organic,9,1/7/2021,11:44,Karte krediti,969.30 Lek,8.8
633-91-1052,Tirane,Normal,Femer,BIO-Organic,2,1/27/2021,15:51,Para ne dore,120.30 Lek,5.1
477-24-6490,Durres,Normal,Femer,Sport dhe udhetime,6,2/26/2021,16:52,Para ne dore,2991.30 Lek,7.9
566-19-5475,Durres,Normal,Mashkull,Tekstile,7,1/7/2021,20:52,Para ne dore,1678.95 Lek,6.2
526-86-8552,Vlore,Anetar,Femer,BIO-Organic,10,1/7/2021,17:36,Para ne dore,1091.00 Lek,7.1
376-56-3573,Vlore,Normal,Femer,Tekstile,4,2/2/2021,13:23,Para ne dore,1908.40 Lek,6.4
537-72-0426,Vlore,Anetar,Mashkull,Tekstile,10,3/20/2021,16:28,Para ne dore,3549.50 Lek,5.7
828-61-5674,Tirane,Anetar,Mashkull,Shendeti dhe bukuria,10,3/20/2021,19:57,Karte krediti,2201.00 Lek,9.6
136-08-6195,Tirane,Normal,Femer,BIO-Organic,8,2/15/2021,17:01,Karte krediti,2798.40 Lek,6.4
523-38-0215,Vlore,Normal,Mashkull,BIO-Organic,1,3/6/2021,13:29,Karte krediti,185.00 Lek,7.9
490-29-1201,Tirane,Normal,Femer,Shendeti dhe bukuria,1,1/6/2021,11:09,Para ne dore,76.70 Lek,6.5
667-92-0055,Tirane,Anetar,Mashkull,Sport dhe udhetime,6,3/4/2021,15:02,Para ne dore,2994.90 Lek,8.5
565-17-3836,Tirane,Anetar,Femer,Sport dhe udhetime,4,3/12/2021,14:21,Para ne dore,953.40 Lek,9.1
498-41-1961,Durres,Normal,Mashkull,Sport dhe udhetime,5,2/20/2021,18:01,Para ne dore,1667.00 Lek,7.6
593-95-4461,Vlore,Anetar,Mashkull,BIO-Organic,1,3/24/2021,14:49,Para ne dore,374.30 Lek,6.9
226-71-3580,Vlore,Normal,Femer,Shendeti dhe bukuria,9,1/31/2021,12:02,Para ne dore,1068.75 Lek,9.5
283-79-9594,Durres,Normal,Femer,Shtepia dhe stili i jeteses,7,1/25/2021,13:30,Karte krediti,1697.85 Lek,5.2
430-60-3493,Tirane,Anetar,Femer,BIO-Organic,7,2/3/2021,14:38,Para ne dore,3320.80 Lek,4.2
139-20-0155,Durres,Anetar,Mashkull,Ushqime te thata dhe pije,10,1/24/2021,17:37,Karte krediti,2015.00 Lek,7
558-80-4082,Vlore,Normal,Mashkull,Ushqime te thata dhe pije,7,3/14/2021,17:20,Para ne dore,974.75 Lek,6
278-97-7759,Tirane,Anetar,Femer,Ushqime te thata dhe pije,1,2/18/2021,20:29,Para ne dore,312.40 Lek,4.7
316-68-6352,Tirane,Anetar,Femer,Shtepia dhe stili i jeteses,2,1/21/2021,10:00,Para ne dore,363.60 Lek,7.1
585-03-5943,Durres,Normal,Mashkull,Sport dhe udhetime,10,3/13/2021,11:46,Para ne dore,905.50 Lek,5.9
211-05-0490,Vlore,Anetar,Femer,Ushqime te thata dhe pije,5,3/3/2021,13:42,Para ne dore,1298.00 Lek,7.5
727-75-6477,Vlore,Normal,Mashkull,Ushqime te thata dhe pije,4,3/29/2021,14:44,Para ne dore,576.80 Lek,6.4
744-02-5987,Tirane,Anetar,Mashkull,BIO-Organic,6,1/10/2021,14:16,Para ne dore,2351.40 Lek,5.8
307-83-9164,Tirane,Anetar,Mashkull,BIO-Organic,4,1/25/2021,15:54,Para ne dore,1200.20 Lek,4.5
779-06-0012,Vlore,Anetar,Femer,BIO-Organic,1,1/19/2021,10:21,Para ne dore,443.05 Lek,7.7
446-47-6729,Vlore,Normal,Mashkull,Tekstile,2,1/2/2021,18:09,Karte krediti,998.20 Lek,6.7
573-10-3877,Durres,Anetar,Mashkull,Sport dhe udhetime,1,3/12/2021,16:46,Karte krediti,195.05 Lek,4.7
735-06-4124,Vlore,Normal,Mashkull,Shtepia dhe stili i jeteses,1,2/25/2021,15:31,Para ne dore,243.05 Lek,4.4
439-54-7422,Tirane,Normal,Femer,Ushqime te thata dhe pije,4,3/18/2021,17:15,Karte krediti,1023.80 Lek,4.7
396-90-2219,Durres,Normal,Femer,Ushqime te thata dhe pije,8,2/23/2021,12:29,Para ne dore,598.40 Lek,8.6
411-77-0180,Tirane,Anetar,Mashkull,Ushqime te thata dhe pije,7,3/26/2021,20:14,Para ne dore,2527.00 Lek,4.3
286-01-5402,Tirane,Normal,Femer,Shendeti dhe bukuria,7,3/30/2021,13:22,Para ne dore,1408.05 Lek,9.6
803-17-8013,Tirane,Anetar,Femer,BIO-Organic,8,2/17/2021,17:09,Para ne dore,3551.60 Lek,4.1
512-98-1403,Tirane,Anetar,Femer,Ushqime te thata dhe pije,3,3/21/2021,10:40,Para ne dore,397.20 Lek,4.7
848-42-2560,Tirane,Normal,Femer,Tekstile,2,3/5/2021,17:43,Para ne dore,819.10 Lek,7.8
532-59-7201,Durres,Anetar,Mashkull,Shendeti dhe bukuria,6,1/31/2021,14:04,Para ne dore,2397.90 Lek,5.5
181-94-6432,Vlore,Anetar,Mashkull,Tekstile,2,2/5/2021,19:05,Para ne dore,693.30 Lek,9.7
870-76-1733,Tirane,Anetar,Femer,Shtepia dhe stili i jeteses,5,2/1/2021,10:08,Karte krediti,355.75 Lek,4.4
423-64-4619,Tirane,Anetar,Femer,Sport dhe udhetime,9,3/7/2021,13:12,Para ne dore,699.75 Lek,5
227-07-4446,Vlore,Anetar,Femer,Ushqime te thata dhe pije,10,2/10/2021,20:51,Para ne dore,3906.50 Lek,4.4
174-36-3675,Vlore,Anetar,Mashkull,Shtepia dhe stili i jeteses,2,2/14/2021,17:29,Para ne dore,993.70 Lek,5.2
428-83-5800,Vlore,Anetar,Femer,Shtepia dhe stili i jeteses,3,2/9/2021,10:25,Para ne dore,316.20 Lek,7.3
603-07-0961,Vlore,Anetar,Mashkull,Ushqime te thata dhe pije,5,1/10/2021,11:34,Para ne dore,1869.75 Lek,4.9
704-20-4138,Vlore,Anetar,Femer,Sport dhe udhetime,7,3/11/2021,18:58,Karte krediti,1038.45 Lek,8.1
787-15-1757,Vlore,Anetar,Mashkull,Sport dhe udhetime,4,2/18/2021,16:28,Para ne dore,881.40 Lek,8.4
649-11-3678,Vlore,Normal,Femer,Shtepia dhe stili i jeteses,9,2/26/2021,20:26,Para ne dore,1031.85 Lek,5.5
622-20-1945,Vlore,Normal,Femer,Sport dhe udhetime,1,1/18/2021,15:08,Para ne dore,197.10 Lek,8.4
372-94-8041,Tirane,Normal,Mashkull,Sport dhe udhetime,6,2/15/2021,18:03,Para ne dore,457.80 Lek,9.8
563-91-7120,Tirane,Normal,Femer,Tekstile,5,3/8/2021,13:21,Para ne dore,1544.25 Lek,6.7
746-54-5508,Tirane,Normal,Mashkull,BIO-Organic,6,1/17/2021,12:48,Karte krediti,645.60 Lek,9.4
276-54-0879,Durres,Normal,Mashkull,Shendeti dhe bukuria,4,3/12/2021,19:53,Para ne dore,1954.80 Lek,6.4
815-11-1168,Tirane,Anetar,Mashkull,Shtepia dhe stili i jeteses,5,3/9/2021,19:09,Para ne dore,2494.50 Lek,5.4
719-76-3868,Vlore,Anetar,Mashkull,Shtepia dhe stili i jeteses,4,3/12/2021,16:30,Para ne dore,1885.20 Lek,8.6
730-61-8757,Durres,Anetar,Mashkull,Sport dhe udhetime,4,1/25/2021,10:11,Karte krediti,1022.60 Lek,4
340-66-0321,Tirane,Anetar,Mashkull,Ushqime te thata dhe pije,4,3/25/2021,13:07,Para ne dore,727.20 Lek,7.6
868-81-1752,Durres,Normal,Mashkull,BIO-Organic,9,2/7/2021,18:48,Para ne dore,990.90 Lek,6.8
634-97-8956,Tirane,Normal,Mashkull,Shtepia dhe stili i jeteses,3,2/17/2021,17:27,Karte krediti,493.50 Lek,9.1
566-71-1091,Tirane,Normal,Mashkull,Tekstile,5,2/3/2021,15:59,Para ne dore,1925.50 Lek,5.5
442-48-3607,Tirane,Anetar,Mashkull,Shtepia dhe stili i jeteses,2,3/14/2021,11:21,Karte krediti,234.80 Lek,7.9
835-16-0096,Vlore,Anetar,Mashkull,Shendeti dhe bukuria,5,3/24/2021,13:48,Para ne dore,367.50 Lek,8.5
527-09-6272,Tirane,Anetar,Femer,Ushqime te thata dhe pije,5,3/21/2021,10:17,Karte krediti,711.25 Lek,9.1
898-04-2717,Tirane,Normal,Mashkull,Tekstile,9,3/19/2021,15:49,Para ne dore,3438.00 Lek,7.5
692-27-8933,Durres,Normal,Femer,Shendeti dhe bukuria,6,2/24/2021,13:02,Para ne dore,1738.50 Lek,5.2
633-09-3463,Vlore,Normal,Femer,Ushqime te thata dhe pije,3,3/28/2021,12:58,Karte krediti,714.75 Lek,9.5
374-17-3652,Durres,Anetar,Femer,Shtepia dhe stili i jeteses,9,2/5/2021,15:26,Karte krediti,1926.90 Lek,8.9
378-07-7001,Durres,Anetar,Mashkull,Ushqime te thata dhe pije,3,2/10/2021,18:23,Karte krediti,721.35 Lek,7.8
433-75-6987,Durres,Anetar,Femer,Sport dhe udhetime,7,3/5/2021,19:06,Para ne dore,1958.95 Lek,8.9
873-95-4984,Durres,Anetar,Femer,Sport dhe udhetime,7,2/15/2021,20:21,Para ne dore,2691.50 Lek,7.7
416-13-5917,Vlore,Normal,Femer,Shtepia dhe stili i jeteses,5,1/30/2021,16:24,Para ne dore,2425.75 Lek,9.3
150-89-8043,Tirane,Normal,Mashkull,Shendeti dhe bukuria,3,2/14/2021,15:04,Para ne dore,669.75 Lek,6.2
135-84-8019,Tirane,Normal,Femer,Tekstile,9,2/27/2021,16:10,Para ne dore,3506.85 Lek,7.6
441-94-7118,Tirane,Anetar,Mashkull,Ushqime te thata dhe pije,1,2/4/2021,12:14,Para ne dore,359.75 Lek,7.3
725-96-3778,Vlore,Anetar,Femer,BIO-Organic,8,1/20/2021,10:13,Para ne dore,3570.00 Lek,4.7
531-80-1784,Tirane,Normal,Mashkull,Ushqime te thata dhe pije,7,3/28/2021,17:38,Para ne dore,910.70 Lek,5.1
400-45-1220,Durres,Normal,Femer,Sport dhe udhetime,10,2/27/2021,11:06,Karte krediti,675.00 Lek,4.8
860-79-0874,Vlore,Anetar,Femer,Tekstile,10,2/15/2021,14:53,Karte krediti,4965.00 Lek,6.6
834-61-8124,Tirane,Normal,Mashkull,Ushqime te thata dhe pije,7,1/26/2021,18:22,Para ne dore,1809.15 Lek,5.5
115-99-4379,Durres,Anetar,Femer,Tekstile,7,3/14/2021,19:02,Karte krediti,1915.55 Lek,8.5
565-67-6697,Durres,Anetar,Mashkull,BIO-Organic,9,3/2/2021,14:16,Para ne dore,1215.00 Lek,4.8
320-49-6392,Vlore,Normal,Femer,Ushqime te thata dhe pije,1,3/4/2021,15:44,Para ne dore,151.20 Lek,8.4
889-04-9723,Durres,Anetar,Femer,Shtepia dhe stili i jeteses,4,1/7/2021,12:20,Karte krediti,1782.80 Lek,7.8
632-90-0281,Vlore,Normal,Femer,Tekstile,10,3/8/2021,20:01,Karte krediti,1877.50 Lek,9.3
554-42-2417,Vlore,Normal,Femer,Shendeti dhe bukuria,10,1/9/2021,13:45,Para ne dore,4772.00 Lek,5.2
453-63-6187,Durres,Normal,Mashkull,Ushqime te thata dhe pije,3,3/1/2021,15:40,Para ne dore,412.50 Lek,6.5
578-80-7669,Durres,Normal,Mashkull,Shendeti dhe bukuria,1,3/16/2021,16:58,Para ne dore,374.85 Lek,5.6
612-36-5536,Tirane,Anetar,Mashkull,Shtepia dhe stili i jeteses,8,2/17/2021,11:12,Karte krediti,3238.40 Lek,7.4
605-72-4132,Vlore,Normal,Femer,Shtepia dhe stili i jeteses,8,2/27/2021,15:12,Para ne dore,3778.80 Lek,9.1
471-41-2823,Vlore,Normal,Mashkull,Shtepia dhe stili i jeteses,2,3/7/2021,20:37,Para ne dore,997.90 Lek,8
462-67-9126,Tirane,Normal,Mashkull,BIO-Organic,6,1/21/2021,17:44,Para ne dore,2196.60 Lek,7.2
272-27-9238,Vlore,Normal,Femer,Shtepia dhe stili i jeteses,4,2/19/2021,16:23,Para ne dore,824.80 Lek,7.1
834-25-9262,Vlore,Normal,Femer,Tekstile,4,1/6/2021,12:12,Para ne dore,1633.60 Lek,9.1
122-61-9553,Vlore,Normal,Femer,Ushqime te thata dhe pije,9,3/14/2021,19:33,Para ne dore,2309.40 Lek,5.6
468-88-0009,Tirane,Anetar,Mashkull,BIO-Organic,4,3/24/2021,10:29,Para ne dore,1318.80 Lek,6
613-59-9758,Vlore,Normal,Femer,Shendeti dhe bukuria,10,1/27/2021,14:28,Para ne dore,718.00 Lek,5.4
254-31-0042,Tirane,Anetar,Mashkull,Ushqime te thata dhe pije,9,3/6/2021,12:46,Karte krediti,967.50 Lek,7.8
201-86-2184,Durres,Anetar,Femer,Ushqime te thata dhe pije,7,2/2/2021,19:40,Para ne dore,919.10 Lek,9.9
261-12-8671,Durres,Normal,Femer,Tekstile,2,1/25/2021,19:39,Karte krediti,609.60 Lek,4.9
730-70-9830,Vlore,Normal,Femer,BIO-Organic,6,3/14/2021,17:54,Para ne dore,2103.30 Lek,5.2
382-25-8917,Vlore,Normal,Mashkull,Tekstile,6,1/29/2021,12:25,Para ne dore,1262.40 Lek,8.9
422-29-8786,Tirane,Normal,Femer,BIO-Organic,5,1/3/2021,16:47,Karte krediti,1677.25 Lek,9.1
667-23-5919,Tirane,Anetar,Femer,Tekstile,5,1/14/2021,12:52,Para ne dore,2417.50 Lek,7
843-01-4703,Durres,Anetar,Femer,BIO-Organic,9,1/5/2021,19:50,Karte krediti,1592.10 Lek,9.6
743-88-1662,Vlore,Normal,Mashkull,Shendeti dhe bukuria,7,2/22/2021,18:17,Para ne dore,3342.15 Lek,8.7
595-86-2894,Vlore,Anetar,Mashkull,Tekstile,4,2/6/2021,17:20,Para ne dore,1939.60 Lek,9.4
182-69-8360,Durres,Normal,Femer,Ushqime te thata dhe pije,4,1/30/2021,13:32,Karte krediti,473.00 Lek,4
289-15-7034,Tirane,Anetar,Mashkull,Shendeti dhe bukuria,4,1/11/2021,10:37,Karte krediti,1646.60 Lek,7.5
462-78-5240,Vlore,Normal,Femer,Ushqime te thata dhe pije,2,3/19/2021,14:35,Para ne dore,266.10 Lek,4.2
868-52-7573,Durres,Normal,Femer,Shtepia dhe stili i jeteses,5,1/14/2021,12:09,Para ne dore,2492.25 Lek,9.9
153-58-4872,Vlore,Anetar,Femer,Shtepia dhe stili i jeteses,4,3/1/2021,15:32,Para ne dore,1497.80 Lek,4.2
662-72-2873,Tirane,Normal,Femer,Shtepia dhe stili i jeteses,5,1/6/2021,13:58,Para ne dore,1023.50 Lek,9.9
525-88-7307,Durres,Anetar,Mashkull,Shendeti dhe bukuria,1,1/31/2021,13:19,Para ne dore,379.10 Lek,5.8
689-16-9784,Vlore,Normal,Mashkull,Shtepia dhe stili i jeteses,6,3/11/2021,13:37,Para ne dore,1403.10 Lek,6
725-56-0833,Tirane,Normal,Femer,Sport dhe udhetime,10,2/20/2021,16:49,Karte krediti,1616.00 Lek,10
394-41-0748,Vlore,Anetar,Femer,Tekstile,9,1/27/2021,14:55,Para ne dore,2433.15 Lek,9.5
596-42-3999,Durres,Normal,Mashkull,Shtepia dhe stili i jeteses,7,3/10/2021,14:04,Karte krediti,637.70 Lek,6.6
541-89-9860,Vlore,Anetar,Femer,Tekstile,3,2/15/2021,12:31,Para ne dore,1207.20 Lek,8.1
173-82-9529,Durres,Normal,Femer,Tekstile,10,1/26/2021,14:51,Para ne dore,1897.50 Lek,9.7
563-36-9814,Tirane,Anetar,Mashkull,Ushqime te thata dhe pije,1,2/13/2021,18:27,Para ne dore,384.10 Lek,7.2
308-47-4913,Tirane,Anetar,Femer,Shendeti dhe bukuria,10,3/9/2021,12:45,Karte krediti,2613.00 Lek,6.2
885-17-6250,Tirane,Normal,Femer,Sport dhe udhetime,1,3/6/2021,10:36,Para ne dore,398.70 Lek,7.3
726-27-2396,Tirane,Normal,Femer,Sport dhe udhetime,5,1/24/2021,20:36,Para ne dore,1937.50 Lek,4.3
316-01-3952,Tirane,Normal,Femer,Shtepia dhe stili i jeteses,5,3/13/2021,14:16,Para ne dore,1356.75 Lek,4.6
760-54-1821,Durres,Normal,Mashkull,BIO-Organic,9,3/15/2021,10:26,Para ne dore,611.55 Lek,5.8
793-10-3222,Durres,Anetar,Femer,Sport dhe udhetime,6,3/5/2021,13:30,Karte krediti,1231.80 Lek,8.3
346-12-3257,Durres,Anetar,Mashkull,Ushqime te thata dhe pije,9,3/4/2021,16:28,Para ne dore,865.80 Lek,8
110-05-6330,Vlore,Normal,Femer,Shtepia dhe stili i jeteses,6,3/25/2021,20:18,Karte krediti,1182.90 Lek,9.4
651-61-0874,Vlore,Normal,Mashkull,BIO-Organic,4,3/12/2021,20:04,Karte krediti,924.40 Lek,6.2
236-86-3015,Vlore,Anetar,Mashkull,BIO-Organic,1,2/4/2021,13:38,Para ne dore,69.90 Lek,9.8
831-64-0259,Durres,Normal,Femer,Tekstile,5,2/22/2021,10:43,Para ne dore,993.75 Lek,9.6
587-03-7455,Vlore,Anetar,Femer,Tekstile,7,2/16/2021,17:30,Para ne dore,3422.65 Lek,4.9
882-40-4577,Tirane,Anetar,Mashkull,Shendeti dhe bukuria,4,1/19/2021,15:28,Karte krediti,1345.20 Lek,8
732-67-5346,Tirane,Normal,Mashkull,Shtepia dhe stili i jeteses,5,1/11/2021,19:07,Karte krediti,344.75 Lek,7.8
725-32-9708,Durres,Anetar,Femer,Tekstile,4,1/4/2021,19:01,Para ne dore,1374.20 Lek,4.1
256-08-8343,Tirane,Normal,Femer,BIO-Organic,4,3/4/2021,19:48,Para ne dore,1130.60 Lek,5.5
372-26-1506,Vlore,Normal,Femer,Tekstile,5,1/28/2021,19:24,Para ne dore,595.50 Lek,5.4
244-08-0162,Durres,Normal,Femer,Sport dhe udhetime,10,1/2/2021,13:00,Para ne dore,1710.50 Lek,5.1
569-71-4390,Durres,Normal,Mashkull,Shendeti dhe bukuria,2,1/25/2021,14:29,Para ne dore,218.70 Lek,6.9
132-23-6451,Tirane,Anetar,Mashkull,Sport dhe udhetime,5,1/4/2021,13:21,Para ne dore,524.25 Lek,7.8
696-90-2548,Tirane,Normal,Mashkull,Shendeti dhe bukuria,3,3/10/2021,18:55,Para ne dore,387.60 Lek,6.6
472-15-9636,Tirane,Normal,Mashkull,BIO-Organic,8,3/22/2021,19:36,Para ne dore,2037.20 Lek,9.2
268-03-6164,Durres,Normal,Mashkull,Sport dhe udhetime,1,1/25/2021,16:28,Para ne dore,480.55 Lek,7.8
750-57-9686,Vlore,Normal,Femer,BIO-Organic,4,1/8/2021,13:48,Karte krediti,907.60 Lek,8.7
186-09-3669,Vlore,Anetar,Femer,Sport dhe udhetime,1,1/22/2021,10:57,Para ne dore,407.55 Lek,9.2
848-07-1692,Durres,Normal,Femer,Sport dhe udhetime,2,1/12/2021,17:13,Para ne dore,572.20 Lek,8.3
745-71-3520,Tirane,Anetar,Femer,Ushqime te thata dhe pije,7,2/4/2021,10:23,Para ne dore,882.70 Lek,8.2
266-76-6436,Vlore,Anetar,Femer,Shtepia dhe stili i jeteses,3,3/28/2021,13:57,Para ne dore,579.00 Lek,7.5
740-22-2500,Vlore,Normal,Femer,Ushqime te thata dhe pije,3,1/23/2021,13:29,Para ne dore,1260.75 Lek,9.8
271-88-8734,Vlore,Anetar,Femer,Tekstile,10,2/8/2021,13:00,Karte krediti,4860.50 Lek,8.7
301-81-8610,Durres,Anetar,Mashkull,Tekstile,8,3/19/2021,19:42,Karte krediti,1016.80 Lek,6.7
489-64-4354,Vlore,Normal,Mashkull,Tekstile,1,3/9/2021,15:36,Para ne dore,81.40 Lek,5
198-84-7132,Durres,Anetar,Mashkull,Tekstile,9,1/2/2021,13:40,Para ne dore,1827.45 Lek,7
269-10-8440,Tirane,Anetar,Mashkull,Sport dhe udhetime,7,1/21/2021,18:01,Para ne dore,1860.95 Lek,8.9
650-98-6268,Durres,Anetar,Femer,Shtepia dhe stili i jeteses,3,3/20/2021,13:53,Karte krediti,313.05 Lek,8
741-73-3559,Durres,Normal,Mashkull,Shendeti dhe bukuria,5,2/27/2021,17:27,Para ne dore,1681.75 Lek,6.9
325-77-6186,Tirane,Anetar,Femer,BIO-Organic,10,3/8/2021,10:53,Para ne dore,4532.50 Lek,7.3
286-75-7818,Durres,Normal,Mashkull,Tekstile,2,1/31/2021,19:48,Karte krediti,690.80 Lek,6.9
574-57-9721,Vlore,Normal,Mashkull,Shtepia dhe stili i jeteses,2,3/8/2021,16:53,Para ne dore,432.70 Lek,5.7
459-50-7686,Tirane,Normal,Femer,Ushqime te thata dhe pije,6,1/13/2021,19:14,Para ne dore,703.80 Lek,6.4
616-87-0016,Durres,Normal,Mashkull,Tekstile,7,3/9/2021,14:36,Karte krediti,3343.90 Lek,9.6
837-55-7229,Durres,Normal,Femer,Tekstile,1,2/22/2021,18:19,Karte krediti,237.20 Lek,6.8
751-69-0068,Vlore,Normal,Mashkull,Shendeti dhe bukuria,9,3/19/2021,19:09,Para ne dore,4465.80 Lek,9
257-73-1380,Vlore,Anetar,Mashkull,Shendeti dhe bukuria,4,1/20/2021,16:51,Para ne dore,1658.60 Lek,9.6
345-08-4992,Tirane,Normal,Mashkull,BIO-Organic,6,3/8/2021,15:37,Karte krediti,1019.70 Lek,7.7
549-96-4200,Vlore,Anetar,Mashkull,Shtepia dhe stili i jeteses,4,3/8/2021,20:15,Para ne dore,340.80 Lek,7
810-60-6344,Vlore,Normal,Femer,Ushqime te thata dhe pije,8,2/7/2021,14:38,Karte krediti,1634.40 Lek,6.5
450-28-2866,Vlore,Anetar,Mashkull,Shtepia dhe stili i jeteses,5,1/15/2021,19:25,Para ne dore,436.00 Lek,8.1
394-30-3170,Durres,Anetar,Femer,Shendeti dhe bukuria,8,3/22/2021,19:35,Karte krediti,3537.20 Lek,4.3
138-17-5109,Tirane,Anetar,Femer,BIO-Organic,9,1/15/2021,15:42,Karte krediti,4014.45 Lek,6.5
192-98-7397,Vlore,Normal,Mashkull,Tekstile,1,1/8/2021,14:11,Para ne dore,63.90 Lek,9.5
301-11-9629,Tirane,Normal,Femer,Shendeti dhe bukuria,7,1/15/2021,10:43,Para ne dore,668.50 Lek,9.7
390-80-5128,Durres,Anetar,Femer,Sport dhe udhetime,1,1/28/2021,17:58,Karte krediti,95.75 Lek,9.5
235-46-8343,Vlore,Anetar,Mashkull,Shtepia dhe stili i jeteses,10,2/14/2021,11:26,Karte krediti,1383.00 Lek,8.9
453-12-7053,Vlore,Normal,Mashkull,Tekstile,3,3/10/2021,17:38,Karte krediti,686.10 Lek,6.5
296-11-7041,Durres,Anetar,Femer,Sport dhe udhetime,1,1/12/2021,20:07,Karte krediti,135.35 Lek,5.3
449-27-2918,Durres,Anetar,Femer,Shendeti dhe bukuria,1,3/26/2021,11:02,Karte krediti,195.60 Lek,9.6
891-01-7034,Durres,Normal,Femer,Ushqime te thata dhe pije,6,1/1/2021,19:07,Para ne dore,2241.30 Lek,6.7
744-09-5786,Durres,Normal,Mashkull,Ushqime te thata dhe pije,6,1/2/2021,18:50,Para ne dore,660.30 Lek,7.6
727-17-0390,Tirane,Normal,Femer,Shtepia dhe stili i jeteses,5,3/16/2021,12:43,Para ne dore,1590.25 Lek,4.8
568-88-3448,Tirane,Normal,Mashkull,Sport dhe udhetime,1,3/3/2021,15:09,Para ne dore,125.00 Lek,5.5
187-83-5490,Tirane,Anetar,Mashkull,Ushqime te thata dhe pije,4,1/31/2021,13:47,Para ne dore,415.40 Lek,4.7
767-54-1907,Durres,Anetar,Femer,Tekstile,5,2/13/2021,16:59,Para ne dore,739.00 Lek,6.9
710-46-4433,Durres,Anetar,Femer,Shtepia dhe stili i jeteses,9,2/15/2021,14:15,Karte krediti,3483.00 Lek,4.5
533-33-5337,Durres,Normal,Mashkull,Ushqime te thata dhe pije,10,2/7/2021,20:24,Para ne dore,3969.50 Lek,6.2
325-90-8763,Vlore,Anetar,Femer,Ushqime te thata dhe pije,10,1/27/2021,13:58,Para ne dore,2328.50 Lek,7.6
729-46-7422,Vlore,Normal,Mashkull,Shtepia dhe stili i jeteses,1,2/23/2021,16:52,Karte krediti,179.45 Lek,7.9
639-76-1242,Vlore,Normal,Mashkull,Shtepia dhe stili i jeteses,5,2/3/2021,15:19,Para ne dore,1013.00 Lek,4.5
234-03-4040,Durres,Anetar,Femer,Shtepia dhe stili i jeteses,10,3/3/2021,12:25,Karte krediti,3652.50 Lek,8.7
326-71-2155,Vlore,Normal,Femer,Shendeti dhe bukuria,4,2/3/2021,10:02,Para ne dore,1479.00 Lek,6.1
320-32-8842,Vlore,Anetar,Femer,Shtepia dhe stili i jeteses,1,3/17/2021,18:58,Para ne dore,113.10 Lek,6.4
470-32-9057,Tirane,Anetar,Mashkull,Shtepia dhe stili i jeteses,5,3/28/2021,15:31,Karte krediti,1283.50 Lek,9.1
878-30-2331,Vlore,Anetar,Femer,Shendeti dhe bukuria,10,3/2/2021,11:22,Karte krediti,2727.50 Lek,7.1
440-59-5691,Vlore,Anetar,Femer,Sport dhe udhetime,7,2/8/2021,13:12,Karte krediti,1300.25 Lek,7.7
554-53-3790,Durres,Normal,Mashkull,Shendeti dhe bukuria,6,3/22/2021,18:33,Para ne dore,1110.60 Lek,4.5
746-19-0921,Vlore,Normal,Mashkull,Shtepia dhe stili i jeteses,1,2/9/2021,10:02,Para ne dore,107.90 Lek,7.2
233-34-0817,Vlore,Anetar,Femer,Ushqime te thata dhe pije,1,2/15/2021,11:21,Para ne dore,494.20 Lek,8.4
767-05-1286,Vlore,Anetar,Femer,BIO-Organic,6,1/23/2021,12:10,Para ne dore,2513.10 Lek,5.4
340-21-9136,Tirane,Anetar,Femer,Shendeti dhe bukuria,4,1/25/2021,11:40,Para ne dore,801.00 Lek,9.7
405-31-3305,Tirane,Anetar,Mashkull,Tekstile,10,2/2/2021,18:31,Karte krediti,2156.50 Lek,5.5
731-59-7531,Durres,Anetar,Mashkull,Sport dhe udhetime,8,3/30/2021,17:58,Para ne dore,2902.80 Lek,4.6
676-39-6028,Tirane,Anetar,Femer,Ushqime te thata dhe pije,5,3/30/2021,17:04,Para ne dore,1611.00 Lek,6.6
502-05-1910,Tirane,Normal,Mashkull,Sport dhe udhetime,3,2/25/2021,20:35,Karte krediti,977.70 Lek,6.3
485-30-8700,Tirane,Normal,Femer,Shendeti dhe bukuria,5,3/18/2021,16:10,Karte krediti,831.50 Lek,4.2
598-47-9715,Vlore,Normal,Mashkull,Ushqime te thata dhe pije,4,3/7/2021,16:54,Para ne dore,1681.40 Lek,4.4
701-69-8742,Durres,Normal,Mashkull,Shendeti dhe bukuria,10,3/16/2021,10:11,Para ne dore,1718.50 Lek,6.7
575-67-1508,Tirane,Normal,Mashkull,Ushqime te thata dhe pije,1,1/29/2021,11:26,Para ne dore,193.00 Lek,6.7
541-08-3113,Vlore,Normal,Mashkull,Shtepia dhe stili i jeteses,8,2/2/2021,20:29,Para ne dore,2638.80 Lek,8.4
246-11-3901,Vlore,Normal,Femer,Ushqime te thata dhe pije,10,2/15/2021,12:12,Para ne dore,1640.00 Lek,6.2
674-15-9296,Tirane,Normal,Mashkull,Shendeti dhe bukuria,5,1/8/2021,13:05,Para ne dore,928.50 Lek,5
305-18-3552,Durres,Anetar,Mashkull,BIO-Organic,10,2/12/2021,16:19,Para ne dore,3019.00 Lek,6
493-65-6248,Vlore,Anetar,Femer,Shendeti dhe bukuria,10,1/1/2021,19:48,Karte krediti,1849.00 Lek,7
438-01-4015,Durres,Anetar,Femer,Shendeti dhe bukuria,4,3/21/2021,15:25,Para ne dore,989.80 Lek,6.6
709-58-4068,Durres,Normal,Femer,Tekstile,10,2/28/2021,14:42,Para ne dore,2054.50 Lek,7.3
795-49-7276,Tirane,Normal,Mashkull,Tekstile,4,3/23/2021,18:59,Para ne dore,743.00 Lek,8.3
556-72-8512,Vlore,Normal,Mashkull,BIO-Organic,1,1/30/2021,20:47,Para ne dore,114.80 Lek,4.3
627-95-3243,Durres,Anetar,Femer,BIO-Organic,9,2/4/2021,13:21,Para ne dore,3495.60 Lek,9.8
686-41-0932,Durres,Normal,Femer,Tekstile,2,3/13/2021,19:48,Para ne dore,347.00 Lek,8.2
510-09-5628,Tirane,Anetar,Femer,Tekstile,10,3/15/2021,18:20,Karte krediti,983.00 Lek,7.2
608-04-3797,Durres,Anetar,Femer,Sport dhe udhetime,8,3/5/2021,20:24,Para ne dore,1012.80 Lek,8.7
148-82-2527,Vlore,Anetar,Femer,BIO-Organic,10,3/5/2021,13:44,Karte krediti,606.00 Lek,8.4
437-53-3084,Durres,Normal,Mashkull,Tekstile,2,2/26/2021,11:48,Para ne dore,998.90 Lek,7.1
632-32-4574,Durres,Normal,Mashkull,Shendeti dhe bukuria,8,3/20/2021,14:14,Para ne dore,3036.80 Lek,5.5
556-97-7101,Vlore,Normal,Femer,Ushqime te thata dhe pije,2,1/1/2021,15:51,Para ne dore,632.20 Lek,8.5
862-59-8517,Vlore,Normal,Femer,Shtepia dhe stili i jeteses,6,1/27/2021,11:17,Para ne dore,2707.20 Lek,6.2
401-18-8016,Durres,Anetar,Femer,Shendeti dhe bukuria,1,1/21/2021,17:36,Para ne dore,490.65 Lek,8.9
420-18-8989,Tirane,Anetar,Femer,Shendeti dhe bukuria,8,2/2/2021,15:47,Para ne dore,2060.80 Lek,9.6
277-63-2961,Durres,Anetar,Mashkull,Shendeti dhe bukuria,1,2/3/2021,15:53,Karte krediti,369.85 Lek,5.4
573-98-8548,Vlore,Anetar,Femer,Tekstile,1,1/5/2021,12:40,Para ne dore,159.50 Lek,9.1
620-02-2046,Vlore,Normal,Mashkull,BIO-Organic,2,1/27/2021,19:48,Para ne dore,694.00 Lek,9
282-35-2475,Durres,Normal,Femer,Shendeti dhe bukuria,2,3/25/2021,17:53,Para ne dore,933.10 Lek,6.3
511-54-3087,Durres,Normal,Mashkull,Shendeti dhe bukuria,1,2/25/2021,16:36,Karte krediti,442.25 Lek,9.5
726-29-6793,Tirane,Anetar,Mashkull,Ushqime te thata dhe pije,8,1/28/2021,20:54,Para ne dore,967.20 Lek,9.8
387-49-4215,Durres,Anetar,Femer,Shendeti dhe bukuria,3,1/8/2021,12:50,Para ne dore,727.50 Lek,6.7
862-17-9201,Durres,Normal,Femer,Shtepia dhe stili i jeteses,6,1/29/2021,10:48,Karte krediti,2521.50 Lek,7.7
291-21-5991,Durres,Anetar,Mashkull,Sport dhe udhetime,5,3/29/2021,14:28,Para ne dore,1532.25 Lek,7
602-80-9671,Vlore,Anetar,Femer,BIO-Organic,6,2/9/2021,17:15,Karte krediti,478.50 Lek,5.1
347-72-6115,Durres,Anetar,Femer,Shendeti dhe bukuria,7,1/16/2021,18:03,Karte krediti,3175.90 Lek,6.2
209-61-0206,Tirane,Normal,Femer,BIO-Organic,5,1/5/2021,17:29,Para ne dore,1072.75 Lek,6.1
595-27-4851,Tirane,Normal,Femer,Tekstile,7,1/27/2021,18:05,Para ne dore,1899.80 Lek,9.3
189-52-0236,Tirane,Normal,Mashkull,Ushqime te thata dhe pije,7,3/14/2021,12:07,Para ne dore,3484.25 Lek,7.6
503-07-0930,Vlore,Anetar,Mashkull,Shendeti dhe bukuria,7,2/23/2021,19:49,Karte krediti,2043.65 Lek,8.2
413-20-6708,Vlore,Anetar,Femer,Tekstile,1,3/18/2021,15:52,Para ne dore,257.35 Lek,8.5
425-85-2085,Durres,Anetar,Mashkull,Sport dhe udhetime,5,3/29/2021,16:48,Para ne dore,1371.50 Lek,9.8
521-18-7827,Vlore,Anetar,Mashkull,BIO-Organic,5,1/22/2021,20:46,Karte krediti,984.75 Lek,8.7
220-28-1851,Tirane,Normal,Mashkull,BIO-Organic,2,3/1/2021,18:14,Para ne dore,347.30 Lek,9.7
600-38-9738,Vlore,Anetar,Mashkull,Shendeti dhe bukuria,5,1/17/2021,15:05,Karte krediti,1798.00 Lek,4.3
734-91-1155,Durres,Normal,Femer,Ushqime te thata dhe pije,3,3/26/2021,10:34,Karte krediti,685.65 Lek,7.7
451-28-5717,Vlore,Anetar,Femer,BIO-Organic,6,3/20/2021,11:23,Para ne dore,2495.10 Lek,7.3
609-81-8548,Tirane,Anetar,Femer,BIO-Organic,6,2/6/2021,13:55,Karte krediti,1123.20 Lek,5.9
133-14-7229,Vlore,Normal,Mashkull,Sport dhe udhetime,2,1/1/2021,11:43,Para ne dore,628.70 Lek,5
534-01-4457,Tirane,Normal,Mashkull,Shtepia dhe stili i jeteses,6,1/27/2021,14:36,Karte krediti,2451.30 Lek,8
719-89-8991,Tirane,Anetar,Femer,Shendeti dhe bukuria,5,2/25/2021,16:03,Para ne dore,2285.25 Lek,7.1
286-62-6248,Durres,Normal,Mashkull,Tekstile,4,1/16/2021,20:03,Karte krediti,784.20 Lek,9
339-38-9982,Durres,Anetar,Mashkull,Tekstile,2,1/13/2021,14:55,Para ne dore,598.60 Lek,6.7
827-44-5872,Durres,Anetar,Femer,Shtepia dhe stili i jeteses,10,2/7/2021,11:28,Karte krediti,2718.00 Lek,6.1
827-77-7633,Tirane,Normal,Mashkull,Shendeti dhe bukuria,9,2/17/2021,19:41,Para ne dore,4414.05 Lek,9.3
287-83-1405,Tirane,Normal,Mashkull,Sport dhe udhetime,6,2/12/2021,19:01,Para ne dore,762.90 Lek,7
435-13-4908,Tirane,Anetar,Mashkull,Tekstile,8,1/24/2021,18:04,Karte krediti,3467.20 Lek,7.2
857-67-9057,Durres,Normal,Mashkull,Ushqime te thata dhe pije,10,2/6/2021,19:20,Para ne dore,1147.50 Lek,8.2
236-27-1144,Vlore,Normal,Femer,Shtepia dhe stili i jeteses,9,3/26/2021,10:31,Para ne dore,733.95 Lek,8.4
892-05-6689,Tirane,Normal,Femer,BIO-Organic,5,3/11/2021,13:28,Para ne dore,708.00 Lek,6.2
583-41-4548,Vlore,Normal,Mashkull,BIO-Organic,7,2/7/2021,11:36,Para ne dore,583.45 Lek,7.4
339-12-4827,Durres,Anetar,Femer,Tekstile,1,1/5/2021,11:32,Karte krediti,369.80 Lek,5
643-38-7867,Tirane,Normal,Mashkull,BIO-Organic,1,3/7/2021,11:44,Para ne dore,489.70 Lek,6.9
308-81-0538,Tirane,Normal,Femer,Tekstile,4,2/25/2021,17:16,Karte krediti,1461.00 Lek,4.9
358-88-9262,Vlore,Anetar,Femer,Shtepia dhe stili i jeteses,6,2/1/2021,18:43,Para ne dore,2624.40 Lek,5.1
460-35-4390,Tirane,Normal,Mashkull,BIO-Organic,3,1/22/2021,11:00,Para ne dore,460.20 Lek,9.1
343-87-0864,Vlore,Anetar,Mashkull,Sport dhe udhetime,1,1/3/2021,10:30,Karte krediti,379.40 Lek,7.1
173-50-1108,Durres,Anetar,Femer,Shendeti dhe bukuria,4,2/13/2021,12:14,Karte krediti,403.60 Lek,5
243-47-2663,Vlore,Anetar,Mashkull,Ushqime te thata dhe pije,6,1/28/2021,16:43,Karte krediti,563.10 Lek,5.5
841-18-8232,Durres,Normal,Femer,Shtepia dhe stili i jeteses,1,1/5/2021,20:40,Karte krediti,356.00 Lek,9.2
701-23-5550,Durres,Anetar,Mashkull,BIO-Organic,4,3/19/2021,13:40,Para ne dore,776.20 Lek,4.9
647-50-1224,Tirane,Normal,Femer,Tekstile,10,1/12/2021,16:23,Para ne dore,1471.00 Lek,8.9
541-48-8554,Tirane,Normal,Mashkull,Shendeti dhe bukuria,9,1/7/2021,12:08,Karte krediti,2742.75 Lek,6
539-21-7227,Durres,Normal,Femer,Shendeti dhe bukuria,5,1/26/2021,17:45,Para ne dore,1288.50 Lek,4.2
213-32-1216,Tirane,Normal,Femer,Ushqime te thata dhe pije,6,1/23/2021,10:28,Para ne dore,1981.80 Lek,7.3
747-58-7183,Durres,Normal,Mashkull,Tekstile,3,2/9/2021,20:31,Para ne dore,859.05 Lek,6.5
582-52-8065,Durres,Normal,Femer,Tekstile,9,2/22/2021,10:49,Para ne dore,2443.95 Lek,8.9
210-57-1719,Durres,Normal,Femer,Sport dhe udhetime,9,2/5/2021,12:34,Para ne dore,2620.80 Lek,9.7
399-69-4630,Vlore,Normal,Mashkull,Ushqime te thata dhe pije,6,3/7/2021,10:23,Karte krediti,666.30 Lek,8.6
134-75-2619,Tirane,Anetar,Mashkull,Ushqime te thata dhe pije,7,3/25/2021,18:51,Para ne dore,676.20 Lek,6.9
356-44-8813,Durres,Normal,Mashkull,BIO-Organic,3,1/20/2021,13:45,Karte krediti,562.20 Lek,7.7
198-66-9832,Durres,Anetar,Femer,Tekstile,2,2/4/2021,19:38,Para ne dore,720.40 Lek,9.5
283-26-5248,Vlore,Anetar,Femer,Shtepia dhe stili i jeteses,10,1/30/2021,20:23,Para ne dore,4926.00 Lek,4.5
712-39-0363,Tirane,Anetar,Mashkull,Shtepia dhe stili i jeteses,6,1/2/2021,15:24,Para ne dore,1249.80 Lek,5.6
218-59-9410,Tirane,Anetar,Femer,BIO-Organic,3,3/29/2021,16:54,Para ne dore,1086.30 Lek,8.2
174-75-0888,Durres,Normal,Mashkull,Ushqime te thata dhe pije,9,3/14/2021,12:32,Para ne dore,971.10 Lek,7.3
866-99-7614,Vlore,Normal,Mashkull,Shtepia dhe stili i jeteses,10,2/11/2021,15:42,Karte krediti,4460.00 Lek,4.4
134-54-4720,Durres,Normal,Femer,Ushqime te thata dhe pije,8,1/30/2021,13:58,Para ne dore,1696.80 Lek,5.7
760-90-2357,Tirane,Anetar,Mashkull,Ushqime te thata dhe pije,6,3/20/2021,15:08,Para ne dore,2235.30 Lek,5
514-37-2845,Durres,Normal,Mashkull,Tekstile,2,3/20/2021,13:02,Para ne dore,992.50 Lek,9
698-98-5964,Tirane,Normal,Femer,Shtepia dhe stili i jeteses,10,1/17/2021,13:01,Karte krediti,4060.50 Lek,6.3
718-57-9773,Vlore,Normal,Femer,Shendeti dhe bukuria,10,2/3/2021,16:40,Karte krediti,2466.50 Lek,9.4
651-88-7328,Tirane,Normal,Femer,Tekstile,9,1/1/2021,13:55,Para ne dore,2958.30 Lek,7.7
241-11-2261,Durres,Normal,Femer,Tekstile,7,1/10/2021,10:33,Karte krediti,2795.10 Lek,5.5
408-26-9866,Vlore,Normal,Femer,Shendeti dhe bukuria,7,3/2/2021,16:42,Para ne dore,2589.30 Lek,4.1
834-83-1826,Durres,Anetar,Femer,BIO-Organic,5,2/25/2021,17:16,Karte krediti,2051.00 Lek,7.6
343-61-3544,Durres,Anetar,Mashkull,Shendeti dhe bukuria,10,1/29/2021,11:48,Para ne dore,1333.50 Lek,8.6
239-48-4278,Tirane,Anetar,Mashkull,Shtepia dhe stili i jeteses,7,3/10/2021,19:35,Para ne dore,354.55 Lek,8.3
355-34-6244,Durres,Normal,Mashkull,Shtepia dhe stili i jeteses,2,1/13/2021,19:55,Karte krediti,723.90 Lek,8.1
550-84-8664,Tirane,Normal,Mashkull,Shendeti dhe bukuria,5,3/22/2021,14:33,Karte krediti,2147.75 Lek,8.6
339-96-8318,Durres,Anetar,Mashkull,Tekstile,7,3/1/2021,19:49,Para ne dore,2845.85 Lek,6.3
458-61-0011,Durres,Normal,Mashkull,Shtepia dhe stili i jeteses,4,2/20/2021,18:43,Para ne dore,1206.00 Lek,5.8
592-34-6155,Vlore,Normal,Mashkull,Shtepia dhe stili i jeteses,4,1/14/2021,14:43,Para ne dore,635.40 Lek,6.2
797-88-0493,Tirane,Normal,Femer,Sport dhe udhetime,4,3/26/2021,13:54,Para ne dore,1285.40 Lek,7.7
207-73-1363,Durres,Normal,Mashkull,Sport dhe udhetime,2,3/1/2021,12:15,Para ne dore,695.10 Lek,8.1
390-31-6381,Vlore,Normal,Mashkull,Shtepia dhe stili i jeteses,3,1/7/2021,12:37,Para ne dore,408.30 Lek,7.3
443-82-0585,Tirane,Anetar,Femer,Sport dhe udhetime,4,2/1/2021,19:54,Para ne dore,1553.60 Lek,8.4
339-18-7061,Vlore,Anetar,Femer,Tekstile,2,2/13/2021,15:06,Karte krediti,929.80 Lek,8
359-90-3665,Durres,Anetar,Femer,Tekstile,4,1/14/2021,18:03,Karte krediti,361.60 Lek,9.5
375-72-3056,Durres,Normal,Mashkull,Shendeti dhe bukuria,3,1/19/2021,15:58,Para ne dore,945.90 Lek,7
127-47-6963,Tirane,Normal,Mashkull,Sport dhe udhetime,4,3/9/2021,13:53,Karte krediti,1034.20 Lek,9.8
278-86-2735,Tirane,Normal,Femer,Shtepia dhe stili i jeteses,3,3/27/2021,14:03,Para ne dore,785.10 Lek,9.2
695-28-6250,Tirane,Normal,Femer,Shendeti dhe bukuria,5,2/4/2021,16:38,Para ne dore,1076.50 Lek,7.7
379-17-6588,Vlore,Normal,Mashkull,Tekstile,10,3/14/2021,11:07,Para ne dore,2980.50 Lek,5.3
227-50-3718,Tirane,Normal,Mashkull,Sport dhe udhetime,5,3/4/2021,12:23,Para ne dore,365.50 Lek,4.4
302-15-2162,Vlore,Anetar,Mashkull,Sport dhe udhetime,6,3/3/2021,10:54,Karte krediti,1395.90 Lek,4.3
788-07-8452,Vlore,Anetar,Femer,BIO-Organic,7,1/27/2021,17:38,Para ne dore,848.40 Lek,9.4
560-49-6611,Tirane,Anetar,Femer,Shendeti dhe bukuria,1,2/7/2021,14:13,Para ne dore,227.90 Lek,9.8
880-35-0356,Tirane,Anetar,Femer,Shendeti dhe bukuria,3,2/5/2021,11:51,Para ne dore,1128.00 Lek,4.8
585-11-6748,Durres,Anetar,Mashkull,Shendeti dhe bukuria,3,3/15/2021,13:05,Para ne dore,1452.00 Lek,5.3
470-31-3286,Durres,Normal,Mashkull,Sport dhe udhetime,3,3/1/2021,11:30,Karte krediti,222.30 Lek,8.7
152-68-2907,Tirane,Normal,Mashkull,Shtepia dhe stili i jeteses,3,2/15/2021,13:30,Karte krediti,783.00 Lek,9.5
123-35-4896,Vlore,Normal,Femer,Shendeti dhe bukuria,9,2/17/2021,19:11,Para ne dore,2099.70 Lek,5.3
258-69-7810,Vlore,Normal,Femer,Tekstile,5,1/26/2021,18:53,Para ne dore,921.25 Lek,9.2
334-64-2006,Tirane,Anetar,Femer,BIO-Organic,2,3/24/2021,14:22,Para ne dore,703.20 Lek,9.6
219-61-4139,Vlore,Normal,Mashkull,Ushqime te thata dhe pije,1,1/23/2021,17:16,Para ne dore,415.40 Lek,6.4
881-41-7302,Vlore,Normal,Femer,Tekstile,1,1/26/2021,10:06,Karte krediti,324.95 Lek,4.5
373-09-4567,Vlore,Normal,Mashkull,Shtepia dhe stili i jeteses,10,3/14/2021,20:35,Para ne dore,3878.00 Lek,6.9
642-30-6693,Durres,Normal,Femer,Shendeti dhe bukuria,6,3/17/2021,13:54,Para ne dore,1635.30 Lek,7.8
484-22-8230,Vlore,Anetar,Femer,Tekstile,7,1/8/2021,20:08,Para ne dore,1816.15 Lek,4.5
830-58-2383,Durres,Normal,Mashkull,BIO-Organic,4,2/8/2021,15:26,Para ne dore,635.00 Lek,8.6
559-98-9873,Tirane,Anetar,Femer,Tekstile,7,2/10/2021,12:56,Para ne dore,1877.75 Lek,5.2
544-32-5024,Vlore,Anetar,Femer,Shtepia dhe stili i jeteses,4,3/28/2021,19:16,Karte krediti,995.80 Lek,6.4
318-12-0304,Tirane,Normal,Mashkull,Tekstile,1,1/23/2021,12:20,Para ne dore,153.05 Lek,5.2
349-97-8902,Durres,Anetar,Mashkull,Shtepia dhe stili i jeteses,2,1/17/2021,10:37,Para ne dore,578.90 Lek,8.9
421-95-9805,Tirane,Normal,Femer,Ushqime te thata dhe pije,1,2/7/2021,10:18,Karte krediti,144.80 Lek,6.2
277-35-5865,Vlore,Anetar,Femer,Shtepia dhe stili i jeteses,9,3/9/2021,11:23,Para ne dore,4453.65 Lek,6.7
789-23-8625,Durres,Anetar,Mashkull,Tekstile,3,1/24/2021,11:45,Para ne dore,1398.30 Lek,7.2
284-54-4231,Vlore,Anetar,Mashkull,Shendeti dhe bukuria,1,1/19/2021,16:08,Karte krediti,404.65 Lek,9
443-59-0061,Tirane,Anetar,Mashkull,Shtepia dhe stili i jeteses,10,2/3/2021,11:25,Para ne dore,3372.50 Lek,4.2
509-29-3912,Tirane,Anetar,Femer,Shendeti dhe bukuria,9,3/20/2021,12:24,Para ne dore,1742.40 Lek,4.2
327-40-9673,Durres,Anetar,Mashkull,Shendeti dhe bukuria,6,1/13/2021,19:51,Para ne dore,2178.00 Lek,6.9
840-19-2096,Vlore,Anetar,Mashkull,Ushqime te thata dhe pije,5,3/14/2021,18:10,Para ne dore,2197.75 Lek,4.4
828-46-6863,Tirane,Anetar,Mashkull,Shtepia dhe stili i jeteses,6,1/23/2021,11:22,Karte krediti,2955.90 Lek,4
641-96-3695,Vlore,Anetar,Femer,Tekstile,6,2/7/2021,17:55,Para ne dore,1303.80 Lek,8.5
420-97-3340,Tirane,Normal,Femer,Shtepia dhe stili i jeteses,3,3/28/2021,15:30,Karte krediti,1075.20 Lek,9.2
436-54-4512,Tirane,Anetar,Femer,Shtepia dhe stili i jeteses,1,3/20/2021,19:44,Para ne dore,458.05 Lek,9.8
670-79-6321,Durres,Anetar,Femer,BIO-Organic,7,1/17/2021,15:27,Karte krediti,3310.65 Lek,4.9
852-62-7105,Durres,Normal,Femer,Tekstile,10,1/12/2021,11:25,Karte krediti,4162.50 Lek,4.4
598-06-7312,Durres,Anetar,Mashkull,Tekstile,1,2/16/2021,15:42,Para ne dore,456.75 Lek,6.8
135-13-8269,Durres,Anetar,Femer,Shtepia dhe stili i jeteses,2,1/26/2021,16:04,Para ne dore,788.80 Lek,9.1
816-57-2053,Tirane,Normal,Mashkull,Shendeti dhe bukuria,2,3/9/2021,12:37,Para ne dore,608.70 Lek,8.7
628-90-8624,Durres,Anetar,Mashkull,Sport dhe udhetime,10,3/14/2021,14:41,Para ne dore,4129.00 Lek,5
856-66-2701,Tirane,Anetar,Mashkull,BIO-Organic,3,1/25/2021,14:19,Para ne dore,799.50 Lek,7.5
308-39-1707,Tirane,Normal,Femer,Tekstile,1,1/26/2021,18:19,Karte krediti,60.45 Lek,8.2
149-61-1929,Tirane,Normal,Mashkull,Shendeti dhe bukuria,10,1/19/2021,14:08,Karte krediti,3209.50 Lek,6.7
655-07-2265,Tirane,Normal,Mashkull,Ushqime te thata dhe pije,3,3/5/2021,16:38,Para ne dore,1174.65 Lek,5.4
589-02-8023,Tirane,Anetar,Mashkull,Shtepia dhe stili i jeteses,2,1/15/2021,10:54,Karte krediti,837.70 Lek,7
420-04-7590,Durres,Normal,Mashkull,BIO-Organic,3,3/18/2021,11:29,Para ne dore,1495.50 Lek,4.7
182-88-2763,Durres,Anetar,Mashkull,Shtepia dhe stili i jeteses,3,3/20/2021,19:28,Karte krediti,1198.65 Lek,5
188-55-0967,Durres,Anetar,Mashkull,Sport dhe udhetime,10,1/15/2021,15:01,Karte krediti,3323.50 Lek,5
610-46-4100,Tirane,Normal,Mashkull,Sport dhe udhetime,7,3/3/2021,20:31,Karte krediti,1013.25 Lek,6
318-81-2368,Vlore,Normal,Femer,Ushqime te thata dhe pije,1,3/19/2021,12:16,Para ne dore,231.00 Lek,6.3
364-33-8584,Durres,Anetar,Femer,Shtepia dhe stili i jeteses,5,3/8/2021,15:27,Para ne dore,440.75 Lek,8.5
665-63-9737,Durres,Normal,Mashkull,Tekstile,3,2/27/2021,17:36,Para ne dore,786.30 Lek,7.5
695-09-5146,Durres,Anetar,Femer,Shtepia dhe stili i jeteses,3,2/23/2021,20:00,Para ne dore,1481.85 Lek,6.4
155-45-3814,Vlore,Anetar,Femer,Ushqime te thata dhe pije,8,3/19/2021,15:29,Para ne dore,3542.00 Lek,4.7
794-32-2436,Durres,Anetar,Mashkull,Ushqime te thata dhe pije,2,3/27/2021,15:08,Para ne dore,556.70 Lek,6
131-15-8856,Vlore,Anetar,Femer,Shtepia dhe stili i jeteses,8,3/30/2021,19:26,Karte krediti,2900.80 Lek,4
273-84-2164,Vlore,Anetar,Mashkull,Ushqime te thata dhe pije,5,2/16/2021,15:53,Para ne dore,301.25 Lek,5.5
706-36-6154,Tirane,Anetar,Mashkull,BIO-Organic,9,1/18/2021,18:43,Para ne dore,871.20 Lek,8.7
778-89-7974,Vlore,Normal,Mashkull,Sport dhe udhetime,6,3/30/2021,14:58,Para ne dore,2106.30 Lek,7.4
574-31-8277,Durres,Anetar,Mashkull,Tekstile,1,3/20/2021,19:55,Para ne dore,168.15 Lek,5.6
859-71-0933,Vlore,Anetar,Femer,Shendeti dhe bukuria,2,1/16/2021,15:10,Para ne dore,154.90 Lek,6.3
740-11-5257,Vlore,Normal,Mashkull,Ushqime te thata dhe pije,10,2/24/2021,16:44,Para ne dore,1237.00 Lek,7.1
369-82-2676,Durres,Normal,Mashkull,Ushqime te thata dhe pije,5,1/15/2021,18:22,Para ne dore,1891.50 Lek,7.8
563-47-4072,Durres,Normal,Femer,Sport dhe udhetime,6,1/22/2021,11:52,Para ne dore,1674.30 Lek,9.9
742-04-5161,Tirane,Anetar,Mashkull,BIO-Organic,10,2/3/2021,17:24,Para ne dore,3639.00 Lek,7.3
149-15-7606,Durres,Anetar,Mashkull,Shendeti dhe bukuria,9,3/6/2021,15:31,Para ne dore,1679.40 Lek,5.1
133-77-3154,Durres,Anetar,Mashkull,Tekstile,4,2/16/2021,18:04,Karte krediti,1203.60 Lek,9.4
169-52-4504,Tirane,Normal,Femer,Ushqime te thata dhe pije,3,3/14/2021,14:13,Karte krediti,235.35 Lek,5.8
250-81-7186,Vlore,Normal,Femer,Ushqime te thata dhe pije,1,2/27/2021,10:23,Karte krediti,498.45 Lek,8
562-12-5430,Tirane,Anetar,Femer,Tekstile,3,1/18/2021,10:11,Para ne dore,1322.25 Lek,7.9
816-72-8853,Tirane,Anetar,Femer,Shendeti dhe bukuria,5,1/29/2021,15:48,Para ne dore,698.25 Lek,5.9
491-38-3499,Tirane,Anetar,Mashkull,Tekstile,1,2/26/2021,17:46,Karte krediti,277.25 Lek,4.9
322-02-2271,Durres,Normal,Femer,Shendeti dhe bukuria,3,2/3/2021,11:46,Para ne dore,644.55 Lek,9.3
842-29-4695,Vlore,Anetar,Mashkull,Shendeti dhe bukuria,7,1/16/2021,12:07,Karte krediti,599.90 Lek,7.9
725-67-2480,Durres,Anetar,Femer,Tekstile,6,3/24/2021,18:14,Karte krediti,1762.50 Lek,5.9
641-51-2661,Vlore,Anetar,Femer,Shtepia dhe stili i jeteses,10,2/12/2021,14:45,Karte krediti,4355.00 Lek,9.9
714-02-3114,Vlore,Normal,Femer,Shendeti dhe bukuria,2,2/21/2021,11:39,Para ne dore,988.00 Lek,7.7
518-17-2983,Tirane,Normal,Femer,Tekstile,4,2/4/2021,15:44,Para ne dore,972.60 Lek,7.6
779-42-2410,Durres,Anetar,Mashkull,Shtepia dhe stili i jeteses,3,2/20/2021,13:06,Para ne dore,866.10 Lek,7.7
190-14-3147,Durres,Normal,Femer,Sport dhe udhetime,4,2/23/2021,20:43,Para ne dore,359.40 Lek,6.4
408-66-6712,Vlore,Anetar,Femer,Sport dhe udhetime,6,2/16/2021,14:19,Para ne dore,1431.30 Lek,4.4
679-22-6530,Durres,Normal,Femer,Shendeti dhe bukuria,2,1/17/2021,10:01,Karte krediti,406.20 Lek,4.1
588-47-8641,Tirane,Anetar,Mashkull,Tekstile,10,1/14/2021,19:30,Para ne dore,2802.00 Lek,4.4
642-61-4706,Durres,Anetar,Mashkull,Shtepia dhe stili i jeteses,2,3/30/2021,16:34,Para ne dore,934.00 Lek,5.5
576-31-4774,Durres,Normal,Femer,Sport dhe udhetime,3,3/2/2021,13:10,Para ne dore,1101.15 Lek,4
556-41-6224,Vlore,Normal,Mashkull,Sport dhe udhetime,8,2/15/2021,17:10,Karte krediti,1345.60 Lek,9.3
811-03-8790,Tirane,Normal,Femer,Ushqime te thata dhe pije,10,3/1/2021,10:22,Karte krediti,2274.00 Lek,4.8
242-11-3142,Durres,Anetar,Mashkull,Tekstile,2,2/24/2021,19:57,Para ne dore,837.70 Lek,4.6
752-23-3760,Durres,Anetar,Femer,Shendeti dhe bukuria,7,2/19/2021,19:29,Karte krediti,2242.80 Lek,7.3
274-05-5470,Tirane,Anetar,Femer,Shtepia dhe stili i jeteses,4,2/23/2021,18:30,Para ne dore,1469.40 Lek,6
648-94-3045,Vlore,Normal,Mashkull,Sport dhe udhetime,10,2/7/2021,14:27,Para ne dore,2947.50 Lek,8.1
130-67-4723,Tirane,Anetar,Mashkull,Shtepia dhe stili i jeteses,6,1/11/2021,13:57,Para ne dore,1455.00 Lek,9.4
528-87-5606,Durres,Anetar,Femer,Ushqime te thata dhe pije,1,2/12/2021,19:43,Para ne dore,197.40 Lek,6.5
320-85-2052,Durres,Normal,Femer,Shendeti dhe bukuria,1,1/14/2021,10:11,Karte krediti,174.05 Lek,7
370-96-0655,Vlore,Normal,Femer,Tekstile,6,1/9/2021,13:46,Para ne dore,1479.60 Lek,7.1
105-10-6182,Tirane,Anetar,Mashkull,Tekstile,2,2/27/2021,12:22,Para ne dore,214.80 Lek,6.6
510-79-0415,Durres,Anetar,Femer,Shendeti dhe bukuria,6,1/24/2021,19:20,Para ne dore,692.40 Lek,4.9
241-96-5076,Durres,Anetar,Femer,BIO-Organic,2,1/8/2021,12:58,Karte krediti,491.00 Lek,6.4
767-97-4650,Durres,Anetar,Femer,Shendeti dhe bukuria,2,1/8/2021,11:59,Karte krediti,648.30 Lek,8
648-83-1321,Tirane,Anetar,Mashkull,BIO-Organic,10,1/16/2021,17:59,Para ne dore,3178.00 Lek,4.3
173-57-2300,Vlore,Anetar,Mashkull,Shendeti dhe bukuria,2,3/13/2021,12:51,Para ne dore,728.80 Lek,6.1
305-03-2383,Tirane,Normal,Femer,Shtepia dhe stili i jeteses,3,2/15/2021,10:36,Para ne dore,1006.50 Lek,7.5
394-55-6384,Vlore,Anetar,Femer,Shendeti dhe bukuria,9,1/25/2021,13:38,Para ne dore,3158.55 Lek,6.7
266-20-6657,Vlore,Anetar,Mashkull,Shtepia dhe stili i jeteses,7,3/12/2021,19:39,Para ne dore,1926.40 Lek,5.2
689-05-1884,Tirane,Anetar,Mashkull,Sport dhe udhetime,10,3/4/2021,12:44,Para ne dore,2431.50 Lek,8.8
196-01-2849,Vlore,Anetar,Femer,Tekstile,7,2/10/2021,13:56,Para ne dore,2568.30 Lek,9.5
372-62-5264,Vlore,Normal,Femer,Shtepia dhe stili i jeteses,9,1/16/2021,14:42,Para ne dore,2367.00 Lek,7.6
800-09-8606,Tirane,Anetar,Femer,BIO-Organic,5,1/29/2021,19:45,Para ne dore,2184.25 Lek,6.6
182-52-7000,Tirane,Anetar,Femer,Shendeti dhe bukuria,4,1/1/2021,20:26,Para ne dore,540.80 Lek,6.9
826-58-8051,Durres,Normal,Mashkull,BIO-Organic,4,1/6/2021,19:46,Para ne dore,1243.80 Lek,4.3
868-06-0466,Tirane,Anetar,Mashkull,Ushqime te thata dhe pije,9,2/19/2021,19:38,Karte krediti,3131.10 Lek,7.8
751-41-9720,Vlore,Normal,Mashkull,BIO-Organic,10,1/12/2021,16:18,Para ne dore,4875.00 Lek,8
626-43-7888,Vlore,Normal,Femer,Tekstile,8,2/7/2021,12:23,Para ne dore,2416.40 Lek,9.6
176-64-7711,Durres,Normal,Mashkull,Shtepia dhe stili i jeteses,3,3/27/2021,19:11,Karte krediti,484.80 Lek,4.3
191-29-0321,Durres,Anetar,Femer,Tekstile,10,2/27/2021,18:57,Karte krediti,988.50 Lek,5
729-06-2010,Durres,Anetar,Mashkull,Sport dhe udhetime,9,1/6/2021,11:18,Para ne dore,3621.15 Lek,9.2
640-48-5028,Durres,Anetar,Femer,BIO-Organic,9,3/2/2021,12:40,Para ne dore,3977.55 Lek,6.3
186-79-9562,Durres,Normal,Mashkull,Sport dhe udhetime,7,3/29/2021,14:06,Para ne dore,2511.95 Lek,8.9
834-45-5519,Durres,Normal,Femer,Ushqime te thata dhe pije,4,1/31/2021,20:48,Para ne dore,860.00 Lek,7.6
162-65-8559,Vlore,Anetar,Mashkull,Shtepia dhe stili i jeteses,1,1/21/2021,20:13,Para ne dore,344.90 Lek,4.8
760-27-5490,Vlore,Normal,Mashkull,Tekstile,8,1/20/2021,20:37,Para ne dore,624.80 Lek,9.1
445-30-9252,Tirane,Normal,Mashkull,Shendeti dhe bukuria,3,1/17/2021,17:59,Para ne dore,385.50 Lek,6.1
786-94-2700,Tirane,Anetar,Mashkull,Shtepia dhe stili i jeteses,6,2/28/2021,20:18,Para ne dore,2418.60 Lek,9.1
728-88-7867,Vlore,Anetar,Femer,BIO-Organic,4,3/19/2021,15:52,Para ne dore,1510.60 Lek,8.3
183-21-3799,Vlore,Normal,Femer,Ushqime te thata dhe pije,9,2/19/2021,15:14,Para ne dore,3493.35 Lek,7.2
268-20-3585,Vlore,Normal,Femer,Sport dhe udhetime,9,2/4/2021,12:50,Para ne dore,623.25 Lek,6
735-32-9839,Vlore,Anetar,Mashkull,Tekstile,8,1/31/2021,10:36,Para ne dore,3948.00 Lek,8.5
258-92-7466,Tirane,Normal,Femer,Sport dhe udhetime,5,2/6/2021,18:33,Karte krediti,892.00 Lek,6.6
857-16-3520,Tirane,Anetar,Femer,Tekstile,7,3/28/2021,16:06,Para ne dore,2501.10 Lek,4.5
482-17-1179,Tirane,Anetar,Mashkull,Ushqime te thata dhe pije,3,1/19/2021,12:47,Karte krediti,179.10 Lek,8.1
788-21-5741,Tirane,Normal,Mashkull,Tekstile,3,2/17/2021,13:34,Karte krediti,680.70 Lek,7.2
821-14-9046,Durres,Anetar,Femer,Tekstile,6,1/18/2021,15:04,Karte krediti,524.40 Lek,6.1
418-05-0656,Durres,Normal,Femer,Tekstile,7,2/2/2021,20:42,Para ne dore,894.60 Lek,7.1
678-79-0726,Vlore,Anetar,Femer,Shendeti dhe bukuria,9,1/18/2021,15:28,Para ne dore,4078.35 Lek,5.1
776-68-1096,Durres,Normal,Mashkull,BIO-Organic,3,3/18/2021,13:45,Karte krediti,661.80 Lek,7.9
592-46-1692,Vlore,Anetar,Femer,Shtepia dhe stili i jeteses,7,1/11/2021,20:10,Para ne dore,1286.95 Lek,7.4
434-35-9162,Durres,Anetar,Mashkull,Shtepia dhe stili i jeteses,4,2/4/2021,18:53,Para ne dore,466.80 Lek,7.4
149-14-0304,Vlore,Anetar,Femer,Sport dhe udhetime,8,2/6/2021,14:24,Para ne dore,1140.00 Lek,6.6
442-44-6497,Vlore,Anetar,Mashkull,BIO-Organic,3,1/8/2021,11:42,Karte krediti,833.55 Lek,5.9
174-64-0215,Durres,Normal,Mashkull,Shendeti dhe bukuria,10,3/5/2021,17:49,Karte krediti,3487.00 Lek,8.9
210-74-9613,Vlore,Normal,Mashkull,Tekstile,4,3/16/2021,15:33,Para ne dore,1945.20 Lek,6.8
299-29-0180,Durres,Anetar,Femer,BIO-Organic,7,3/9/2021,10:54,Para ne dore,1826.30 Lek,9.3
247-11-2470,Tirane,Anetar,Femer,Tekstile,4,3/1/2021,16:23,Karte krediti,446.40 Lek,4.4
635-28-5728,Tirane,Normal,Mashkull,Sport dhe udhetime,3,2/28/2021,19:33,Para ne dore,840.00 Lek,4.8
756-49-0168,Tirane,Anetar,Mashkull,Tekstile,1,2/8/2021,11:39,Para ne dore,98.50 Lek,9.5
438-23-1242,Durres,Normal,Mashkull,Ushqime te thata dhe pije,7,1/24/2021,10:38,Para ne dore,2655.80 Lek,8.9
238-45-6950,Durres,Anetar,Mashkull,Shtepia dhe stili i jeteses,1,3/1/2021,20:03,Para ne dore,268.60 Lek,6.4
607-65-2441,Vlore,Anetar,Mashkull,Sport dhe udhetime,10,3/10/2021,12:39,Karte krediti,4097.50 Lek,6
386-27-7606,Vlore,Anetar,Femer,BIO-Organic,7,3/23/2021,15:59,Karte krediti,2842.00 Lek,8.1
137-63-5492,Vlore,Normal,Mashkull,Ushqime te thata dhe pije,10,1/29/2021,14:26,Para ne dore,2938.00 Lek,9
197-77-7132,Durres,Anetar,Mashkull,Ushqime te thata dhe pije,8,1/12/2021,18:22,Para ne dore,3662.40 Lek,6
805-86-0265,Tirane,Normal,Mashkull,BIO-Organic,9,3/20/2021,11:32,Para ne dore,4228.20 Lek,9.8
733-29-1227,Vlore,Normal,Mashkull,BIO-Organic,7,3/23/2021,12:41,Para ne dore,1946.35 Lek,8.5
451-73-2711,Vlore,Normal,Mashkull,Shtepia dhe stili i jeteses,1,1/14/2021,15:20,Para ne dore,424.15 Lek,8.8
373-14-0504,Tirane,Anetar,Femer,Shendeti dhe bukuria,2,2/12/2021,14:33,Para ne dore,716.30 Lek,8.8
546-80-2899,Tirane,Anetar,Mashkull,BIO-Organic,2,2/20/2021,15:29,Para ne dore,376.90 Lek,9.5
345-68-9016,Vlore,Anetar,Femer,Shendeti dhe bukuria,8,1/2/2021,16:19,Karte krediti,1266.80 Lek,5.6
390-17-5806,Vlore,Anetar,Femer,Shtepia dhe stili i jeteses,1,2/2/2021,16:33,Para ne dore,192.10 Lek,8.6
457-13-1708,Durres,Anetar,Mashkull,Tekstile,10,1/8/2021,19:07,Karte krediti,3261.50 Lek,5.2
664-14-2882,Vlore,Anetar,Femer,BIO-Organic,5,1/30/2021,14:43,Karte krediti,263.25 Lek,5.8
487-79-6868,Durres,Anetar,Femer,BIO-Organic,9,3/26/2021,19:28,Karte krediti,553.05 Lek,8
314-23-4520,Vlore,Anetar,Mashkull,Sport dhe udhetime,7,1/15/2021,20:44,Para ne dore,2843.05 Lek,9
210-30-7976,Durres,Anetar,Femer,Tekstile,4,3/14/2021,11:16,Para ne dore,446.40 Lek,4.1
585-86-8361,Tirane,Normal,Femer,Shtepia dhe stili i jeteses,5,2/3/2021,10:31,Karte krediti,682.00 Lek,8.6
807-14-7833,Tirane,Anetar,Femer,Ushqime te thata dhe pije,10,2/22/2021,12:30,Para ne dore,871.00 Lek,7
775-72-1988,Durres,Normal,Mashkull,BIO-Organic,5,1/24/2021,15:05,Para ne dore,1832.00 Lek,8.4
288-38-3758,Vlore,Anetar,Femer,Tekstile,3,1/25/2021,18:30,Para ne dore,1273.05 Lek,7.4
652-43-6591,Tirane,Normal,Femer,Tekstile,8,3/9/2021,13:18,Karte krediti,3891.60 Lek,6.2
785-96-0615,Durres,Anetar,Femer,Ushqime te thata dhe pije,8,2/17/2021,15:28,Para ne dore,1429.60 Lek,4.9
406-46-7107,Tirane,Normal,Femer,BIO-Organic,6,1/11/2021,11:52,Para ne dore,2895.60 Lek,4.5
250-17-5703,Tirane,Anetar,Mashkull,Shtepia dhe stili i jeteses,10,2/27/2021,18:24,Para ne dore,942.50 Lek,5.6
156-95-3964,Tirane,Normal,Femer,Shtepia dhe stili i jeteses,4,3/25/2021,15:19,Para ne dore,1107.80 Lek,8
842-40-8179,Durres,Anetar,Femer,Shtepia dhe stili i jeteses,10,2/11/2021,10:38,Karte krediti,3860.00 Lek,5.6
525-09-8450,Durres,Normal,Mashkull,Ushqime te thata dhe pije,10,1/31/2021,15:12,Karte krediti,3606.50 Lek,4.2
410-67-1709,Tirane,Anetar,Femer,Tekstile,8,1/20/2021,17:48,Para ne dore,2555.20 Lek,9.9
587-73-4862,Tirane,Anetar,Femer,Sport dhe udhetime,5,3/26/2021,11:07,Para ne dore,267.25 Lek,7.6
787-87-2010,Tirane,Anetar,Mashkull,Sport dhe udhetime,4,1/20/2021,15:48,Karte krediti,1110.00 Lek,6.6
593-14-4239,Durres,Normal,Femer,BIO-Organic,8,3/5/2021,19:40,Para ne dore,3818.40 Lek,4.7
801-88-0346,Vlore,Normal,Femer,Tekstile,3,1/5/2021,20:30,Karte krediti,1140.90 Lek,9.8
388-76-2555,Durres,Normal,Mashkull,Shendeti dhe bukuria,6,2/13/2021,13:59,Para ne dore,410.70 Lek,6.3
711-31-1234,Durres,Normal,Femer,Ushqime te thata dhe pije,4,3/16/2021,18:51,Para ne dore,1912.80 Lek,7.9
886-54-6089,Tirane,Normal,Femer,BIO-Organic,6,1/15/2021,17:24,Para ne dore,342.90 Lek,7.7
707-32-7409,Durres,Anetar,Femer,Shendeti dhe bukuria,4,2/26/2021,11:58,Para ne dore,1910.80 Lek,4.5
759-98-4285,Vlore,Anetar,Femer,Sport dhe udhetime,7,2/27/2021,19:01,Karte krediti,3005.45 Lek,8
201-63-8275,Vlore,Anetar,Femer,Shendeti dhe bukuria,7,2/17/2021,16:50,Para ne dore,2379.65 Lek,5.7
471-06-8611,Vlore,Normal,Femer,Shtepia dhe stili i jeteses,1,2/6/2021,10:22,Karte krediti,262.10 Lek,6.3
200-16-5952,Vlore,Anetar,Mashkull,Shtepia dhe stili i jeteses,2,1/17/2021,16:46,Para ne dore,656.50 Lek,6
120-54-2248,Durres,Normal,Femer,Shtepia dhe stili i jeteses,5,1/22/2021,18:08,Karte krediti,721.50 Lek,8
102-77-2261,Vlore,Anetar,Mashkull,Sport dhe udhetime,7,3/5/2021,18:02,Karte krediti,2285.85 Lek,4.2
875-31-8302,Durres,Normal,Mashkull,Shendeti dhe bukuria,1,1/3/2021,13:07,Para ne dore,466.90 Lek,9.6
102-06-2002,Vlore,Anetar,Mashkull,Shendeti dhe bukuria,5,3/20/2021,17:52,Para ne dore,631.25 Lek,6.1
457-94-0464,Durres,Anetar,Mashkull,Ushqime te thata dhe pije,9,1/31/2021,20:32,Para ne dore,3954.15 Lek,5.6
629-42-4133,Vlore,Normal,Mashkull,Sport dhe udhetime,8,2/19/2021,19:24,Para ne dore,872.00 Lek,8.3
534-53-3526,Tirane,Normal,Femer,Shendeti dhe bukuria,4,2/11/2021,16:06,Para ne dore,1895.20 Lek,7.8
307-04-2070,Tirane,Anetar,Femer,Tekstile,1,2/5/2021,14:14,Karte krediti,153.10 Lek,4.1
468-99-7231,Vlore,Normal,Femer,BIO-Organic,8,3/3/2021,17:36,Para ne dore,1760.40 Lek,8.8
516-77-6464,Vlore,Anetar,Femer,Sport dhe udhetime,5,2/24/2021,13:08,Para ne dore,254.00 Lek,4.1
404-91-5964,Tirane,Normal,Mashkull,Ushqime te thata dhe pije,7,2/4/2021,16:09,Karte krediti,2610.30 Lek,9
886-77-9084,Vlore,Normal,Mashkull,Ushqime te thata dhe pije,8,2/19/2021,11:33,Para ne dore,2875.60 Lek,5.5
790-38-4466,Vlore,Normal,Femer,Sport dhe udhetime,5,1/23/2021,10:18,Karte krediti,274.75 Lek,9.3
704-10-4056,Vlore,Anetar,Mashkull,Sport dhe udhetime,3,1/14/2021,10:55,Karte krediti,907.05 Lek,5.6
497-37-6538,Tirane,Normal,Mashkull,Shendeti dhe bukuria,7,1/17/2021,15:15,Para ne dore,2061.85 Lek,9.7
651-96-5970,Tirane,Normal,Mashkull,Tekstile,1,3/3/2021,20:06,Karte krediti,232.05 Lek,4
400-80-4065,Vlore,Anetar,Mashkull,Sport dhe udhetime,4,2/15/2021,20:21,Karte krediti,1371.00 Lek,9.2
744-16-7898,Durres,Normal,Femer,BIO-Organic,10,1/15/2021,13:48,Karte krediti,4868.50 Lek,4.9
263-12-5321,Tirane,Anetar,Mashkull,Ushqime te thata dhe pije,7,2/27/2021,12:52,Karte krediti,3241.00 Lek,9.3
702-72-0487,Tirane,Normal,Femer,Ushqime te thata dhe pije,2,2/26/2021,12:28,Karte krediti,466.10 Lek,6.6
605-83-1050,Durres,Normal,Mashkull,Tekstile,2,3/15/2021,16:26,Para ne dore,271.80 Lek,4.3
443-60-9639,Vlore,Anetar,Femer,BIO-Organic,1,1/24/2021,13:24,Para ne dore,304.35 Lek,5.5
864-24-7918,Tirane,Anetar,Femer,Shendeti dhe bukuria,10,2/22/2021,15:15,Para ne dore,1224.50 Lek,8.1
359-94-5395,Durres,Normal,Mashkull,Sport dhe udhetime,1,3/15/2021,10:50,Karte krediti,463.90 Lek,9.8
401-09-4232,Vlore,Anetar,Mashkull,BIO-Organic,5,2/11/2021,18:38,Para ne dore,2167.25 Lek,9.4
751-15-6198,Durres,Normal,Mashkull,Shendeti dhe bukuria,6,1/12/2021,16:45,Para ne dore,690.30 Lek,7.9
324-41-6833,Vlore,Anetar,Femer,Ushqime te thata dhe pije,8,3/3/2021,19:30,Para ne dore,1208.00 Lek,5.1
474-33-8305,Vlore,Anetar,Mashkull,Tekstile,7,3/23/2021,13:23,Para ne dore,2358.65 Lek,6.9
759-29-9521,Tirane,Anetar,Femer,Tekstile,9,3/4/2021,11:27,Para ne dore,2203.20 Lek,8
831-81-6575,Durres,Anetar,Femer,Ushqime te thata dhe pije,9,2/23/2021,11:12,Para ne dore,3401.55 Lek,8
220-68-6701,Tirane,Normal,Femer,BIO-Organic,4,3/17/2021,16:36,Para ne dore,1549.40 Lek,4.2
618-34-8551,Tirane,Normal,Femer,Shendeti dhe bukuria,2,1/16/2021,18:41,Karte krediti,931.80 Lek,8.5
257-60-7754,Tirane,Normal,Femer,Ushqime te thata dhe pije,4,1/8/2021,17:12,Para ne dore,1004.60 Lek,9
559-61-5987,Durres,Normal,Femer,Sport dhe udhetime,1,1/14/2021,10:38,Para ne dore,88.75 Lek,8.6
189-55-2313,Vlore,Normal,Femer,Tekstile,10,1/31/2021,10:33,Para ne dore,3109.00 Lek,6
565-91-4567,Durres,Normal,Mashkull,Sport dhe udhetime,8,3/15/2021,14:38,Para ne dore,430.00 Lek,6.2
380-60-5336,Tirane,Normal,Femer,Ushqime te thata dhe pije,10,2/24/2021,18:06,Karte krediti,2013.00 Lek,5
815-04-6282,Vlore,Anetar,Femer,Shendeti dhe bukuria,5,2/8/2021,12:52,Karte krediti,1624.25 Lek,6.5
674-56-6360,Tirane,Normal,Mashkull,Ushqime te thata dhe pije,1,3/22/2021,14:00,Para ne dore,475.75 Lek,6
778-34-2523,Tirane,Anetar,Femer,Ushqime te thata dhe pije,8,1/24/2021,10:57,Para ne dore,1944.80 Lek,5
499-27-7781,Durres,Normal,Femer,Shtepia dhe stili i jeteses,8,3/14/2021,16:45,Para ne dore,2128.40 Lek,5
477-59-2456,Vlore,Normal,Femer,Tekstile,7,1/23/2021,11:15,Para ne dore,1590.40 Lek,9.2
832-51-6761,Tirane,Normal,Mashkull,Shtepia dhe stili i jeteses,8,1/19/2021,20:29,Para ne dore,1355.20 Lek,9.6
869-11-3082,Durres,Anetar,Mashkull,Sport dhe udhetime,4,1/27/2021,20:03,Karte krediti,1923.20 Lek,8.4
190-59-3964,Durres,Anetar,Mashkull,Shtepia dhe stili i jeteses,5,2/3/2021,14:35,Karte krediti,1179.00 Lek,6
366-43-6862,Durres,Normal,Mashkull,Ushqime te thata dhe pije,4,3/25/2021,16:32,Para ne dore,1057.80 Lek,6.7
186-43-8965,Tirane,Anetar,Femer,BIO-Organic,2,2/24/2021,10:10,Karte krediti,476.80 Lek,4.1
784-21-9238,Vlore,Anetar,Mashkull,Shendeti dhe bukuria,1,2/7/2021,14:15,Para ne dore,50.85 Lek,5.9
276-75-6884,Tirane,Normal,Femer,Sport dhe udhetime,3,3/4/2021,10:05,Para ne dore,1030.65 Lek,8.7
109-86-4363,Durres,Anetar,Femer,Shendeti dhe bukuria,7,2/14/2021,11:36,Karte krediti,2102.80 Lek,4.5
569-76-2760,Tirane,Anetar,Femer,Shendeti dhe bukuria,4,1/29/2021,18:15,Karte krediti,440.20 Lek,6.6
222-42-0244,Durres,Anetar,Femer,Sport dhe udhetime,9,1/28/2021,13:53,Karte krediti,3244.95 Lek,7.7
760-53-9233,Tirane,Anetar,Mashkull,Tekstile,3,3/26/2021,18:37,Karte krediti,619.20 Lek,8.5
538-22-0304,Vlore,Normal,Mashkull,Ushqime te thata dhe pije,10,3/24/2021,18:27,Para ne dore,3247.50 Lek,5.2
416-17-9926,Tirane,Anetar,Femer,Ushqime te thata dhe pije,10,1/1/2021,14:42,Karte krediti,3711.00 Lek,4.3
237-44-6163,Tirane,Normal,Mashkull,Ushqime te thata dhe pije,8,1/24/2021,17:43,Para ne dore,422.40 Lek,7.6
636-17-0325,Durres,Normal,Mashkull,Sport dhe udhetime,4,2/25/2021,18:37,Para ne dore,1251.40 Lek,9.5
343-75-9322,Durres,Anetar,Femer,Shendeti dhe bukuria,8,1/9/2021,16:34,Para ne dore,474.00 Lek,4.1
528-14-9470,Tirane,Anetar,Mashkull,Sport dhe udhetime,1,2/14/2021,14:42,Para ne dore,456.50 Lek,9.2
427-45-9297,Durres,Anetar,Femer,BIO-Organic,7,3/12/2021,11:01,Para ne dore,1425.55 Lek,5.4
807-34-3742,Tirane,Normal,Mashkull,Tekstile,1,3/26/2021,19:44,Para ne dore,261.90 Lek,5.8
288-62-1085,Tirane,Anetar,Mashkull,Tekstile,5,1/9/2021,13:34,Para ne dore,963.50 Lek,5.6
670-71-7306,Durres,Normal,Mashkull,Shendeti dhe bukuria,6,1/2/2021,20:08,Karte krediti,1338.90 Lek,5.1
660-29-7083,Vlore,Normal,Mashkull,Ushqime te thata dhe pije,10,1/15/2021,15:01,Para ne dore,2793.50 Lek,5.8
271-77-8740,Vlore,Anetar,Femer,Shendeti dhe bukuria,6,1/1/2021,11:40,Para ne dore,876.60 Lek,5
497-36-0989,Tirane,Normal,Mashkull,Tekstile,3,2/15/2021,15:21,Para ne dore,779.10 Lek,7.9
291-59-1384,Durres,Normal,Mashkull,Ushqime te thata dhe pije,1,2/28/2021,17:38,Para ne dore,301.50 Lek,6
860-73-6466,Tirane,Anetar,Femer,Shendeti dhe bukuria,2,3/2/2021,16:16,Karte krediti,394.70 Lek,5
549-23-9016,Vlore,Anetar,Femer,Shtepia dhe stili i jeteses,2,2/13/2021,18:15,Karte krediti,148.70 Lek,8.9
896-34-0956,Tirane,Normal,Mashkull,Tekstile,1,1/26/2021,12:43,Para ne dore,106.60 Lek,5.9
804-38-3935,Tirane,Anetar,Mashkull,Ushqime te thata dhe pije,3,1/30/2021,11:32,Karte krediti,1406.70 Lek,5.9
585-90-0249,Tirane,Anetar,Mashkull,Ushqime te thata dhe pije,1,1/27/2021,18:08,Para ne dore,366.30 Lek,9.7
862-29-5914,Vlore,Normal,Femer,Shendeti dhe bukuria,1,1/30/2021,17:08,Karte krediti,111.90 Lek,8.6
845-94-6841,Vlore,Anetar,Femer,Shtepia dhe stili i jeteses,9,1/8/2021,19:38,Para ne dore,3279.60 Lek,4
125-45-2293,Tirane,Normal,Femer,Tekstile,6,1/19/2021,13:11,Para ne dore,2973.00 Lek,4.2
843-73-4724,Tirane,Normal,Mashkull,Tekstile,1,1/25/2021,11:05,Para ne dore,370.50 Lek,9.2
409-33-9708,Tirane,Normal,Femer,Tekstile,2,2/19/2021,10:12,Para ne dore,984.80 Lek,9.2
658-66-3967,Vlore,Normal,Mashkull,Sport dhe udhetime,7,1/14/2021,15:42,Para ne dore,1861.65 Lek,5
866-70-2814,Durres,Normal,Femer,Ushqime te thata dhe pije,10,2/25/2021,11:58,Para ne dore,2639.50 Lek,10
160-22-2687,Tirane,Anetar,Femer,Sport dhe udhetime,5,1/23/2021,14:21,Para ne dore,2398.75 Lek,8.8
895-03-6665,Durres,Normal,Femer,Tekstile,9,2/16/2021,10:52,Para ne dore,1642.95 Lek,4.2
770-42-8960,Durres,Normal,Mashkull,Shtepia dhe stili i jeteses,8,1/1/2021,19:31,Para ne dore,844.80 Lek,6.3
748-45-2862,Tirane,Anetar,Femer,BIO-Organic,4,3/7/2021,18:35,Para ne dore,566.20 Lek,8.2
234-36-2483,Durres,Normal,Mashkull,Sport dhe udhetime,6,2/15/2021,13:51,Para ne dore,1727.70 Lek,5.1
316-66-3011,Tirane,Anetar,Femer,Shtepia dhe stili i jeteses,9,1/23/2021,12:35,Para ne dore,2143.35 Lek,5
848-95-6252,Vlore,Anetar,Femer,BIO-Organic,1,2/20/2021,13:24,Para ne dore,431.35 Lek,7
840-76-5966,Tirane,Anetar,Mashkull,Shendeti dhe bukuria,2,1/8/2021,18:06,Para ne dore,127.60 Lek,7.8
152-03-4217,Durres,Normal,Femer,BIO-Organic,9,3/17/2021,11:55,Karte krediti,507.60 Lek,4.3
533-66-5566,Durres,Normal,Femer,BIO-Organic,7,1/12/2021,11:42,Para ne dore,1787.45 Lek,7
124-31-1458,Tirane,Anetar,Femer,Ushqime te thata dhe pije,3,1/8/2021,14:30,Para ne dore,1193.85 Lek,6.6
176-78-1170,Vlore,Anetar,Mashkull,Sport dhe udhetime,3,1/26/2021,15:11,Para ne dore,507.15 Lek,7.3
361-59-0574,Durres,Anetar,Mashkull,Shendeti dhe bukuria,8,3/15/2021,14:48,Karte krediti,3621.20 Lek,6.5
101-81-4070,Vlore,Anetar,Femer,Sport dhe udhetime,2,1/17/2021,12:36,Para ne dore,628.20 Lek,4.9
631-34-1880,Vlore,Anetar,Mashkull,Shtepia dhe stili i jeteses,3,1/8/2021,19:09,Karte krediti,364.65 Lek,4.3
852-82-2749,Tirane,Normal,Mashkull,Shendeti dhe bukuria,4,1/6/2021,13:35,Para ne dore,1291.80 Lek,9.3
873-14-6353,Tirane,Anetar,Mashkull,Shtepia dhe stili i jeteses,7,2/16/2021,10:33,Karte krediti,868.70 Lek,7.1
584-66-4073,Vlore,Normal,Mashkull,Tekstile,1,3/13/2021,15:45,Para ne dore,282.50 Lek,9.6
544-55-9589,Durres,Anetar,Femer,Ushqime te thata dhe pije,10,1/28/2021,11:51,Para ne dore,1071.50 Lek,6.2
166-19-2553,Tirane,Anetar,Mashkull,Shendeti dhe bukuria,6,1/18/2021,17:26,Para ne dore,2671.80 Lek,9.9
737-88-5876,Tirane,Anetar,Mashkull,BIO-Organic,4,3/19/2021,11:52,Karte krediti,465.80 Lek,5.9
154-87-7367,Vlore,Normal,Mashkull,BIO-Organic,8,3/15/2021,14:04,Para ne dore,2610.40 Lek,6.3
885-56-0389,Vlore,Anetar,Mashkull,Tekstile,1,2/12/2021,17:49,Para ne dore,261.75 Lek,4
608-05-3804,Durres,Anetar,Mashkull,Ushqime te thata dhe pije,1,2/25/2021,20:19,Para ne dore,198.75 Lek,6.1
448-61-3783,Tirane,Normal,Femer,Ushqime te thata dhe pije,8,3/21/2021,16:08,Karte krediti,3600.80 Lek,4.5
761-49-0439,Durres,Anetar,Femer,Ushqime te thata dhe pije,8,1/19/2021,10:17,Para ne dore,484.00 Lek,8.6
490-95-0021,Durres,Anetar,Femer,Shtepia dhe stili i jeteses,10,1/8/2021,14:25,Para ne dore,1660.50 Lek,6
115-38-7388,Vlore,Anetar,Femer,Tekstile,8,3/30/2021,12:51,Karte krediti,407.20 Lek,9.5
311-13-6971,Durres,Anetar,Mashkull,Shendeti dhe bukuria,10,2/20/2021,15:18,Karte krediti,1599.50 Lek,9.9
291-55-6563,Tirane,Anetar,Femer,BIO-Organic,6,3/30/2021,12:45,Para ne dore,1032.60 Lek,7.5
548-48-3156,Tirane,Anetar,Femer,Shtepia dhe stili i jeteses,2,3/19/2021,13:37,Para ne dore,833.40 Lek,7.6
460-93-5834,Tirane,Normal,Mashkull,Shendeti dhe bukuria,7,1/13/2021,10:03,Para ne dore,1595.30 Lek,5
325-89-4209,Tirane,Anetar,Mashkull,Shtepia dhe stili i jeteses,1,2/5/2021,19:42,Para ne dore,439.50 Lek,6.7
884-80-6021,Tirane,Anetar,Femer,Ushqime te thata dhe pije,10,3/23/2021,13:14,Para ne dore,3673.50 Lek,9.5
137-74-8729,Vlore,Normal,Femer,Tekstile,8,3/13/2021,12:47,Para ne dore,487.60 Lek,6.8
880-46-5796,Tirane,Anetar,Mashkull,Shendeti dhe bukuria,10,3/17/2021,19:53,Para ne dore,3846.00 Lek,5.6
389-70-2397,Vlore,Normal,Femer,Sport dhe udhetime,5,2/21/2021,10:26,Para ne dore,2091.50 Lek,7.2
114-35-5271,Durres,Normal,Femer,Ushqime te thata dhe pije,8,2/7/2021,15:06,Para ne dore,2316.40 Lek,8.1
607-76-6216,Vlore,Anetar,Femer,Tekstile,5,3/2/2021,16:35,Karte krediti,2312.25 Lek,8.6
715-20-1673,Durres,Normal,Mashkull,Ushqime te thata dhe pije,5,3/6/2021,20:57,Para ne dore,709.50 Lek,9.4
811-35-1094,Durres,Anetar,Mashkull,Ushqime te thata dhe pije,6,2/6/2021,15:16,Karte krediti,1513.50 Lek,8.9
699-88-1972,Durres,Normal,Mashkull,Sport dhe udhetime,8,1/28/2021,17:47,Karte krediti,3966.40 Lek,4.2
781-84-8059,Vlore,Normal,Mashkull,Tekstile,7,1/18/2021,16:23,Para ne dore,2125.90 Lek,5
409-49-6995,Vlore,Anetar,Femer,Shtepia dhe stili i jeteses,6,2/5/2021,10:17,Para ne dore,1418.10 Lek,8.8
725-54-0677,Vlore,Anetar,Mashkull,Sport dhe udhetime,7,3/2/2021,13:50,Para ne dore,2996.00 Lek,5.3
146-09-5432,Tirane,Anetar,Mashkull,Shtepia dhe stili i jeteses,9,2/9/2021,19:17,Para ne dore,1576.80 Lek,4.6
377-79-7592,Vlore,Anetar,Femer,Ushqime te thata dhe pije,9,1/14/2021,14:00,Karte krediti,2017.80 Lek,7.5
509-10-0516,Durres,Normal,Mashkull,BIO-Organic,4,2/9/2021,12:02,Para ne dore,919.40 Lek,5.1
595-94-9924,Tirane,Anetar,Femer,Sport dhe udhetime,5,3/26/2021,20:21,Karte krediti,693.25 Lek,4.2
865-41-9075,Tirane,Normal,Mashkull,Shtepia dhe stili i jeteses,7,1/28/2021,17:35,Para ne dore,403.55 Lek,8.1
545-07-8534,Vlore,Normal,Femer,Sport dhe udhetime,2,2/14/2021,12:42,Para ne dore,583.20 Lek,6
118-62-1812,Vlore,Anetar,Femer,BIO-Organic,4,3/24/2021,17:56,Para ne dore,1567.60 Lek,7.9
450-42-3339,Vlore,Normal,Mashkull,Sport dhe udhetime,10,2/9/2021,18:58,Karte krediti,4230.50 Lek,8.8
851-98-3555,Durres,Normal,Femer,Sport dhe udhetime,5,3/24/2021,14:08,Karte krediti,2072.00 Lek,6.6
186-71-5196,Tirane,Anetar,Femer,Shtepia dhe stili i jeteses,2,3/27/2021,16:30,Para ne dore,795.40 Lek,6.2
624-01-8356,Durres,Normal,Femer,BIO-Organic,10,1/27/2021,10:44,Karte krediti,2450.50 Lek,4.2
313-66-9943,Durres,Anetar,Femer,Shtepia dhe stili i jeteses,3,3/27/2021,20:29,Karte krediti,437.25 Lek,7.3
151-27-8496,Vlore,Normal,Femer,Ushqime te thata dhe pije,4,1/19/2021,11:43,Para ne dore,1122.60 Lek,8.6
453-33-6436,Tirane,Normal,Femer,BIO-Organic,8,2/7/2021,10:09,Para ne dore,3724.80 Lek,6.8
522-57-8364,Tirane,Anetar,Mashkull,Tekstile,8,1/31/2021,10:00,Para ne dore,2053.60 Lek,7.6
459-45-2396,Tirane,Anetar,Femer,Shtepia dhe stili i jeteses,3,2/25/2021,18:45,Para ne dore,1494.00 Lek,5.8
717-96-4189,Vlore,Normal,Femer,Ushqime te thata dhe pije,6,2/2/2021,12:40,Para ne dore,1064.70 Lek,4.1
722-13-2115,Vlore,Anetar,Mashkull,Shendeti dhe bukuria,1,3/14/2021,15:36,Karte krediti,214.25 Lek,9.3
749-81-8133,Tirane,Normal,Femer,Tekstile,4,3/11/2021,12:04,Para ne dore,1893.40 Lek,6.8
777-67-2495,Durres,Normal,Mashkull,BIO-Organic,3,2/22/2021,11:26,Para ne dore,1034.55 Lek,8.7
636-98-3364,Durres,Anetar,Femer,Ushqime te thata dhe pije,3,3/2/2021,12:36,Para ne dore,393.90 Lek,6.3
246-55-6923,Vlore,Anetar,Femer,BIO-Organic,9,3/10/2021,15:06,Karte krediti,1610.55 Lek,5.1
181-82-6255,Durres,Normal,Femer,BIO-Organic,6,2/8/2021,10:58,Para ne dore,491.10 Lek,7
838-02-1821,Vlore,Anetar,Femer,BIO-Organic,2,2/22/2021,12:10,Karte krediti,127.30 Lek,5.2
887-42-0517,Vlore,Normal,Femer,Shendeti dhe bukuria,7,1/10/2021,10:31,Karte krediti,2909.90 Lek,6.6
457-12-0244,Vlore,Anetar,Femer,Shendeti dhe bukuria,6,3/14/2021,13:49,Para ne dore,1056.60 Lek,6.5
226-34-0034,Durres,Normal,Femer,Ushqime te thata dhe pije,4,1/10/2021,11:10,Para ne dore,275.60 Lek,9
321-49-7382,Durres,Anetar,Mashkull,Shendeti dhe bukuria,1,2/15/2021,17:38,Karte krediti,441.55 Lek,5.2
397-25-8725,Tirane,Anetar,Femer,Sport dhe udhetime,9,1/13/2021,17:54,Karte krediti,1782.90 Lek,6.8
431-66-2305,Durres,Normal,Femer,Ushqime te thata dhe pije,9,2/15/2021,20:51,Karte krediti,3971.25 Lek,7.6
825-94-5922,Durres,Normal,Mashkull,Shendeti dhe bukuria,2,3/2/2021,19:26,Para ne dore,253.10 Lek,7.2
641-62-7288,Durres,Normal,Mashkull,BIO-Organic,6,3/24/2021,13:33,Para ne dore,2997.60 Lek,7.1
756-93-1854,Vlore,Anetar,Femer,Tekstile,2,2/2/2021,14:05,Karte krediti,833.50 Lek,9.5
243-55-8457,Tirane,Normal,Femer,Shtepia dhe stili i jeteses,10,2/27/2021,11:40,Para ne dore,3722.00 Lek,5.1
458-10-8612,Vlore,Normal,Mashkull,Sport dhe udhetime,7,1/20/2021,12:27,Para ne dore,2242.80 Lek,7.6
501-61-1753,Durres,Normal,Femer,BIO-Organic,6,1/3/2021,20:24,Para ne dore,1894.50 Lek,9.8
235-06-8510,Vlore,Anetar,Mashkull,BIO-Organic,3,1/24/2021,20:59,Para ne dore,1285.80 Lek,5.1
433-08-7822,Vlore,Normal,Femer,Sport dhe udhetime,7,1/5/2021,19:48,Para ne dore,2761.15 Lek,7.5
361-85-2571,Tirane,Normal,Femer,Shendeti dhe bukuria,5,3/30/2021,10:18,Para ne dore,2237.00 Lek,7.4
131-70-8179,Tirane,Anetar,Femer,Sport dhe udhetime,3,2/17/2021,16:27,Para ne dore,1381.50 Lek,4.2
500-02-2261,Vlore,Normal,Femer,Shtepia dhe stili i jeteses,6,3/21/2021,17:04,Para ne dore,1718.70 Lek,5.9
720-72-2436,Tirane,Normal,Mashkull,Shtepia dhe stili i jeteses,4,3/2/2021,18:14,Para ne dore,1330.40 Lek,6.9
702-83-5291,Vlore,Anetar,Mashkull,Tekstile,9,3/27/2021,10:43,Para ne dore,4491.90 Lek,6.6
809-69-9497,Tirane,Normal,Femer,BIO-Organic,10,1/19/2021,19:30,Para ne dore,2284.00 Lek,5.7
449-16-6770,Tirane,Normal,Mashkull,Sport dhe udhetime,5,2/19/2021,14:53,Karte krediti,1269.75 Lek,5.3
333-23-2632,Tirane,Anetar,Mashkull,Sport dhe udhetime,7,3/28/2021,20:14,Para ne dore,352.80 Lek,4.2
489-82-1237,Tirane,Normal,Femer,Ushqime te thata dhe pije,7,1/5/2021,11:51,Karte krediti,3285.80 Lek,7.3
859-97-6048,Vlore,Anetar,Mashkull,Ushqime te thata dhe pije,2,3/26/2021,14:13,Karte krediti,842.50 Lek,5.3
676-10-2200,Durres,Anetar,Mashkull,Tekstile,1,2/3/2021,20:13,Para ne dore,268.90 Lek,4.7
373-88-1424,Vlore,Anetar,Mashkull,BIO-Organic,5,2/6/2021,18:44,Para ne dore,895.25 Lek,7.9
365-16-4334,Durres,Normal,Femer,Shtepia dhe stili i jeteses,8,2/24/2021,14:26,Para ne dore,1057.20 Lek,8.9
503-21-4385,Durres,Anetar,Mashkull,Sport dhe udhetime,3,2/21/2021,12:40,Para ne dore,598.65 Lek,9.3
305-89-2768,Durres,Anetar,Femer,BIO-Organic,3,1/9/2021,18:43,Para ne dore,328.50 Lek,4.7
574-80-1489,Durres,Anetar,Femer,Shtepia dhe stili i jeteses,4,2/25/2021,13:22,Para ne dore,1257.00 Lek,8.7
784-08-0310,Vlore,Anetar,Femer,Shtepia dhe stili i jeteses,4,1/13/2021,13:58,Para ne dore,420.80 Lek,7.6
200-40-6154,Durres,Anetar,Mashkull,BIO-Organic,6,2/9/2021,11:45,Para ne dore,1977.30 Lek,5.7
846-10-0341,Tirane,Normal,Femer,Tekstile,7,1/6/2021,11:51,Para ne dore,1489Lek,6.8
577-34-7579,Vlore,Anetar,Mashkull,Shtepia dhe stili i jeteses,9,1/10/2021,17:16,Para ne dore,2200 Lek,5.4
430-02-3888,Durres,Normal,Mashkull,Ushqime te thata dhe pije,6,2/7/2021,15:55,Para ne dore,1381.30 Lek,7.1
867-47-1948,Vlore,Normal,Femer,BIO-Organic,10,1/9/2021,12:07,Para ne dore,790.00 Lek,7.8
384-59-6655,Tirane,Anetar,Femer,Shtepia dhe stili i jeteses,9,2/19/2021,15:07,Para ne dore,4439.70 Lek,8.4
256-58-3609,Vlore,Anetar,Mashkull,Tekstile,1,3/18/2021,15:29,Para ne dore,459.90 Lek,9.8
324-92-3863,Tirane,Anetar,Mashkull,Ushqime te thata dhe pije,2,2/5/2021,18:45,Para ne dore,208.90 Lek,9.8
593-08-5916,Tirane,Normal,Femer,Tekstile,1,3/19/2021,15:23,Karte krediti,77.50 Lek,7.4
364-34-2972,Vlore,Anetar,Mashkull,Ushqime te thata dhe pije,3,3/30/2021,20:37,Para ne dore,1452.30 Lek,6.7
794-42-3736,Durres,Normal,Mashkull,Shtepia dhe stili i jeteses,2,1/26/2021,14:41,Karte krediti,333.30 Lek,6.4
172-42-8274,Durres,Normal,Femer,Ushqime te thata dhe pije,2,3/2/2021,18:18,Karte krediti,382.70 Lek,5.8
558-60-5016,Tirane,Normal,Femer,BIO-Organic,9,3/4/2021,15:27,Para ne dore,1498.50 Lek,7.2
195-06-0432,Tirane,Anetar,Mashkull,BIO-Organic,3,1/13/2021,12:55,Karte krediti,1215.15 Lek,9.3
605-03-2706,Tirane,Normal,Femer,Sport dhe udhetime,3,3/25/2021,18:02,Para ne dore,237.00 Lek,9.5
214-30-2776,Durres,Anetar,Femer,Ushqime te thata dhe pije,5,3/11/2021,19:44,Karte krediti,862.25 Lek,9
746-04-1077,Durres,Anetar,Femer,Shtepia dhe stili i jeteses,10,1/1/2021,11:36,Karte krediti,4231.50 Lek,9
448-34-8700,Durres,Anetar,Mashkull,BIO-Organic,7,2/10/2021,13:51,Para ne dore,1291.85 Lek,6.7
452-04-8808,Durres,Normal,Mashkull,Ushqime te thata dhe pije,7,1/26/2021,15:17,Para ne dore,3047.80 Lek,5.5
531-56-4728,Tirane,Normal,Mashkull,BIO-Organic,3,2/11/2021,15:29,Para ne dore,1201.20 Lek,5.4
744-82-9138,Vlore,Normal,Mashkull,Tekstile,2,2/7/2021,17:59,Para ne dore,861.30 Lek,8.2
883-69-1285,Durres,Anetar,Mashkull,Tekstile,2,3/6/2021,11:55,Karte krediti,499.20 Lek,7
221-25-5073,Tirane,Normal,Femer,Shtepia dhe stili i jeteses,4,3/4/2021,10:39,Para ne dore,1493.20 Lek,8.5
518-71-6847,Durres,Anetar,Mashkull,Shtepia dhe stili i jeteses,6,2/26/2021,15:10,Para ne dore,798.00 Lek,4.9
156-20-0370,Durres,Normal,Femer,Ushqime te thata dhe pije,1,3/10/2021,18:10,Karte krediti,127.25 Lek,5.1
151-33-7434,Durres,Normal,Femer,Shtepia dhe stili i jeteses,1,2/4/2021,20:43,Karte krediti,338.85 Lek,6.5
728-47-9078,Vlore,Anetar,Mashkull,Shtepia dhe stili i jeteses,4,1/19/2021,12:46,Para ne dore,1191.80 Lek,9.8
809-46-1866,Tirane,Normal,Mashkull,Sport dhe udhetime,4,1/23/2021,17:44,Para ne dore,1163.00 Lek,8.4
139-32-4183,Tirane,Anetar,Femer,Shendeti dhe bukuria,9,3/14/2021,14:19,Para ne dore,4386.60 Lek,7.4
148-41-7930,Vlore,Normal,Mashkull,Sport dhe udhetime,7,1/23/2021,10:33,Para ne dore,3498.60 Lek,6.1
189-40-5216,Vlore,Normal,Mashkull,Ushqime te thata dhe pije,7,1/9/2021,11:40,Para ne dore,3372.95 Lek,6
374-38-5555,Durres,Normal,Femer,Tekstile,5,2/7/2021,19:30,Para ne dore,1592.75 Lek,8.5
764-44-8999,Durres,Normal,Femer,Sport dhe udhetime,2,2/18/2021,14:42,Para ne dore,147.60 Lek,4.3
552-44-5977,Durres,Anetar,Mashkull,Sport dhe udhetime,8,1/3/2021,19:08,Karte krediti,2480.00 Lek,6.2
267-62-7380,Vlore,Anetar,Mashkull,Ushqime te thata dhe pije,10,3/29/2021,19:12,Para ne dore,4117.00 Lek,4.3
430-53-4718,Durres,Anetar,Mashkull,Sport dhe udhetime,8,1/28/2021,15:46,Karte krediti,3014.80 Lek,8.4
886-18-2897,Tirane,Normal,Femer,Shtepia dhe stili i jeteses,5,3/22/2021,19:06,Karte krediti,1414.00 Lek,4.5
602-16-6955,Durres,Normal,Femer,Shendeti dhe bukuria,10,1/24/2021,18:10,Para ne dore,3830.00 Lek,6
745-74-0715,Tirane,Normal,Mashkull,Ushqime te thata dhe pije,2,3/10/2021,20:46,Para ne dore,580.30 Lek,8.8
690-01-6631,Durres,Normal,Mashkull,Tekstile,10,2/22/2021,18:35,Para ne dore,874.50 Lek,6.6
652-49-6720,Vlore,Anetar,Femer,Ushqime te thata dhe pije,1,2/18/2021,11:40,Para ne dore,304.75 Lek,5.9
233-67-5758,Vlore,Normal,Mashkull,Sport dhe udhetime,1,1/29/2021,13:46,Para ne dore,201.75 Lek,6.2
303-96-2227,Durres,Normal,Femer,BIO-Organic,10,3/2/2021,17:16,Para ne dore,4869.00 Lek,4.4
727-02-1313,Tirane,Anetar,Mashkull,Shtepia dhe stili i jeteses,1,2/9/2021,13:22,Para ne dore,159.20 Lek,7.7
347-56-2442,Tirane,Normal,Mashkull,BIO-Organic,1,2/22/2021,15:33,Para ne dore,329.10 Lek,4.1
849-09-3807,Tirane,Anetar,Femer,Tekstile,7,2/18/2021,13:28,Para ne dore,3091.90 Lek,6.6
